match_id,stage_label,blue_total_gold,red_total_gold,gold_diff,blue_total_kills,red_total_kills,kill_diff,blue_total_deaths,red_total_deaths,death_diff,blue_tower_kills,red_tower_kills,tower_diff,blue_dragon_kills,red_dragon_kills,dragon_diff,blue_herald_kills,red_herald_kills,herald_diff,blue_baron_kills,red_baron_kills,baron_diff,blue_inhibitor_kills,red_inhibitor_kills,inhibitor_diff,blue_avg_level,red_avg_level,avg_level_diff,blue_minions_killed,red_minions_killed,minion_diff,blue_jungle_minions_killed,red_jungle_minions_killed,jungle_diff,elapsed_time_seconds,elapsed_time_ratio,first_blood_blue,first_tower_blue,blue_win,split
NA1_5495806903,stage_60,-0.8886669835912495,1.1188182508729296,-1.2411952086235145,-1.5607747291750504,0.7715879999914476,-1.4174548660425172,0.7614707006551402,-1.5751937071800715,1.419027397677981,-0.08737040566610381,-0.08737040566610381,0.0,-0.5773502691896258,1.1649647450214349,-1.0290806778993633,0,0,0,0,0,0,0,0,0,-0.10457191532464465,0.9658520061326984,-0.8634766583681343,1.3850357147562853,0.38728613081221835,0.7413727553713035,-0.1827703400436986,1.3648668838510618,-1.194087106145968,-0.25516115459331273,0.0,-1.0465362369445672,-0.08737040566610381,0,train
NA1_5497264907,stage_60,0.8409896339950432,-0.8207220815668548,1.0303957627589704,0.8042767737075515,-0.95467667795552,1.0487671328715287,-0.6703545484399952,0.7995907143046048,-0.8833102940769874,-0.08737040566610381,-0.08737040566610381,0.0,-0.5773502691896258,-0.8583950752789522,0.21714546414390237,0,0,0,0,0,0,0,0,0,0.3714105958082114,-0.4666475984686092,0.676779002504754,0.11044075634004394,1.282793132446564,-0.9010948076423257,-0.276280746577684,0.21550529745016764,-0.38351465260508655,1.1903870173516462,0.0,0.9555330859059092,-0.08737040566610381,1,test
NA1_5498712644,stage_60,1.8661924424733949,-0.9854750682122964,1.780251349282593,2.118194275308997,-0.95467667795552,1.8708411325095438,-0.9567195982590223,2.118915392907203,-1.8700264476862596,-0.08737040566610381,-0.08737040566610381,0.0,1.7320508075688774,-0.8583950752789522,1.4633716061871682,0,0,0,0,0,0,0,0,0,1.3233756180739233,-0.9441474666690429,1.83197074815942,0.9468936978007023,-1.0922471762358312,1.5476750135779942,0.09776087955825757,-0.1676152313501304,0.2059925863337364,-0.038328928801568886,0.0,0.9555330859059092,-0.08737040566610381,1,train
NA1_5499762611,stage_60,-0.10931746904656289,2.1402867680746676,-1.365769656682969,-0.24685722757360493,2.2101418982805874,-1.4174548660425172,2.1932959497502758,-0.25586902857747357,1.419027397677981,-0.08737040566610381,-0.08737040566610381,0.0,-0.5773502691896258,1.1649647450214349,-1.0290806778993633,0,0,0,0,0,0,0,0,0,-1.0565369375903546,0.01085226973182669,-0.8634766583681343,-1.0446609247246748,1.127052784336243,-1.6476709726485208,-1.2113848119175379,-0.9338562889507265,-0.23613784287038078,-0.11060633739881683,0.0,-1.0465362369445672,-0.08737040566610381,0,test
NA1_5500058277,stage_60,0.12188231730165196,-0.20943168973756124,0.20414369151380354,0.5414932733872624,-0.95467667795552,0.8843523329439256,-0.9567195982590223,0.5357257785840852,-0.8833102940769874,-0.08737040566610381,-0.08737040566610381,0.0,-0.5773502691896258,1.1649647450214349,-1.0290806778993633,0,0,0,0,0,0,0,0,0,0.3714105958082114,0.48835213793226256,-0.09334882793169019,1.0265558827017174,1.5553387416396258,-0.42328606203836094,0.4718025056941991,0.5028456940503911,-0.01507262826832218,-0.18288374599606477,0.0,0.9555330859059092,-0.08737040566610381,1,train
NA1_5501928361,stage_60,1.1514269058053224,-0.43099605108832745,0.9911651354695289,1.0670602740278405,-1.242387457613348,1.3775967327267347,-1.2430846480780495,1.0634556500251244,-1.3766683708816234,-0.08737040566610381,-0.08737040566610381,0.0,-0.5773502691896258,1.1649647450214349,-1.0290806778993633,0,0,0,0,0,0,0,0,0,1.3233756180739233,0.48835213793226256,0.676779002504754,0.9070626053501948,1.0491826102810826,-0.12465559603588287,1.406906571034053,0.9817463550507637,0.3533693960684421,-0.1467450416974408,0.0,0.9555330859059092,-0.08737040566610381,1,train
NA1_5503722817,stage_60,0.2168587553554961,-0.21908962343746644,0.2702163269486524,0.8042767737075515,-0.37925511863986416,0.7199375330163225,-0.38398949862096815,0.7995907143046048,-0.7188576018087753,-0.08737040566610381,-0.08737040566610381,0.0,-0.5773502691896258,1.1649647450214349,-1.0290806778993633,0,0,0,0,0,0,0,0,0,-0.10457191532464465,0.01085226973182669,-0.09334882793169019,-1.4828029416802577,-0.19674017460148538,-0.9608209008428213,-0.276280746577684,-0.45495562795035394,0.13230418146638354,1.0819709044557742,0.0,0.9555330859059092,-0.08737040566610381,0,test
NA1_5503892992,stage_60,0.9690721447419416,-0.38952374755344044,0.8504166568609186,0.27870977306697325,-0.37925511863986416,0.39110793316111636,-0.38398949862096815,0.27186084286356565,-0.38995221727235124,-0.08737040566610381,-0.08737040566610381,0.0,-0.5773502691896258,1.1649647450214349,-1.0290806778993633,0,0,0,0,0,0,0,0,0,0.8473931069410674,0.01085226973182669,0.676779002504754,0.5087516808451193,-0.5471559578497076,0.8010988485717991,1.0328649448981115,-0.3591754957502794,1.0902534447419707,-0.21902245029468875,0.0,-1.0465362369445672,-0.08737040566610381,1,train
NA1_5504901946,stage_60,-2.8213018173611863,-3.7044674616091355,0.4550132291804952,-0.24685722757360493,-0.95467667795552,0.39110793316111636,-0.9567195982590223,-0.25586902857747357,-0.38995221727235124,-0.08737040566610381,-0.08737040566610381,0.0,-0.5773502691896258,1.1649647450214349,-1.0290806778993633,0,0,0,0,0,0,0,0,0,-4.388414515520345,-4.286646544072092,-0.09334882793169019,-3.1557088246015743,-4.907885704938695,1.3983597805767551,-1.9594680641894209,-0.9338562889507265,-0.8256450818092037,-5.748244207984157,0.0,-1.0465362369445672,-0.08737040566610381,1,train
NA1_5504913691,stage_60,0.724847018317771,-0.8621943851017417,0.9818736711115033,0.27870977306697325,-0.95467667795552,0.7199375330163225,-0.9567195982590223,0.27186084286356565,-0.7188576018087753,-0.08737040566610381,-0.08737040566610381,0.0,1.7320508075688774,-0.8583950752789522,1.4633716061871682,0,0,0,0,0,0,0,0,0,2.2753406403396332,-0.4666475984686092,2.2170346633776417,0.9867247902512098,-0.39141560973938666,1.0400032213737815,2.7160522625098484,-0.1676152313501304,2.269267922619617,0.32305811418467084,0.0,0.9555330859059092,-0.08737040566610381,1,train
NA1_5504988007,stage_60,-0.3220646902871737,0.08201066250075437,-0.25389108850590364,-1.0352077285344723,-0.37925511863986416,-0.4309660664768989,-0.38398949862096815,-1.0474638357390322,0.4323112440687089,-0.08737040566610381,-0.08737040566610381,0.0,-0.5773502691896258,1.1649647450214349,-1.0290806778993633,0,0,0,0,0,0,0,0,0,0.3714105958082114,0.9658520061326984,-0.4784127431499122,0.707907143097657,0.8934422621707616,-0.1545186426361307,-0.4633015596456548,0.21550529745016764,-0.5308914623397922,0.21464200128879893,0.0,-1.0465362369445672,-0.08737040566610381,0,train
NA1_5505392771,stage_60,0.6836001080772444,-0.7241427445678028,0.8720967403629784,0.27870977306697325,-0.37925511863986416,0.39110793316111636,-0.38398949862096815,0.27186084286356565,-0.38995221727235124,-0.08737040566610381,-0.08737040566610381,0.0,-0.5773502691896258,-0.8583950752789522,0.21714546414390237,0,0,0,0,0,0,0,0,0,-0.10457191532464465,0.01085226973182669,-0.09334882793169019,0.4290894959441043,-0.39141560973938666,0.6219205689703123,0.19127128609224295,0.21550529745016764,-0.01507262826832218,0.106225888392927,0.0,-1.0465362369445672,-0.08737040566610381,1,test
NA1_5505688466,stage_60,-0.005657470942081588,-0.5116682031698885,0.30634979945208535,-0.509640727893894,-0.666965898297692,0.06227833330591025,-0.6703545484399952,-0.5197339642979931,-0.061046832735927196,-0.08737040566610381,-0.08737040566610381,0.0,-0.5773502691896258,-0.8583950752789522,0.21714546414390237,0,0,0,0,0,0,0,0,0,0.3714105958082114,-0.4666475984686092,0.676779002504754,0.628244958196642,-0.11887000054632489,0.5621944757698167,1.2198857579660822,-1.3169768177510244,1.9745143031502053,-0.18288374599606477,0.0,0.9555330859059092,-0.08737040566610381,1,test
NA1_5505807973,stage_60,-0.816484890670328,1.6136453245563076,-1.4951619010762145,-0.7724242282141831,1.0592987796492754,-1.088625266187311,1.0478357504741673,-0.7835989000185127,1.090122013141557,-0.08737040566610381,-0.08737040566610381,0.0,-0.5773502691896258,1.1649647450214349,-1.0290806778993633,0,0,0,0,0,0,0,0,0,-1.5325194487232106,1.4433518743331344,-2.4037323192410223,-1.28364747942772,0.8545071751431813,-1.617807926048273,-0.8373431857815963,2.5142284702519557,-2.5941667986256722,0.5037516356777907,0.0,-1.0465362369445672,-0.08737040566610381,0,train
NA1_5506369546,stage_60,0.9858965423400511,-0.9508201296420483,1.2010834042989964,1.3298437743481297,-1.5300982372711758,1.7064263325819409,-1.5294496978970766,1.327320585745644,-1.7055737554180475,-0.08737040566610381,-0.08737040566610381,0.0,-0.5773502691896258,1.1649647450214349,-1.0290806778993633,0,0,0,0,0,0,0,0,0,1.7993581292067773,0.9658520061326984,0.676779002504754,1.4248668072067927,0.7766370010880209,0.4726053359690732,0.4718025056941991,1.2690867516509872,-0.6045798672071451,-0.0021902245029449155,0.0,0.9555330859059092,-0.08737040566610381,1,train
NA1_5506406712,stage_60,-0.21189202214471456,-0.637221341268656,0.25163339823260117,0.015926272746684175,-1.242387457613348,0.7199375330163225,-1.2430846480780495,0.00799590714304604,-0.7188576018087753,-0.08737040566610381,-0.08737040566610381,0.0,1.7320508075688774,-0.8583950752789522,1.4633716061871682,0,0,0,0,0,0,0,0,0,-0.10457191532464465,-0.4666475984686092,0.29171508728653184,-0.7260121851206144,0.6987668270328604,-1.0802730872438127,-0.276280746577684,-0.5507357601504285,0.2059925863337364,-0.21902245029468875,0.0,-1.0465362369445672,-0.08737040566610381,1,test
NA1_5506740589,stage_60,0.8654121466374602,-0.08842346161521966,0.602300145670679,1.3298437743481297,0.7715879999914476,0.39110793316111636,0.7614707006551402,1.327320585745644,-0.38995221727235124,-0.08737040566610381,-0.08737040566610381,0.0,-0.5773502691896258,-0.8583950752789522,0.21714546414390237,0,0,0,0,0,0,0,0,0,-0.5805544264575007,-0.9441474666690429,0.29171508728653184,-0.44719453796706166,-0.2746103486566459,-0.12465559603588287,-0.276280746577684,-1.5085370821511734,0.942876635007265,0.2507807055874229,0.0,0.9555330859059092,-0.08737040566610381,1,train
NA1_5506855091,stage_60,1.0173744475236108,0.29334897640456215,0.46740184832452936,0.27870977306697325,0.19616644067579173,0.06227833330591025,0.47510565083611317,0.27186084286356565,0.10340585953228484,-0.08737040566610381,-0.08737040566610381,0.0,-0.5773502691896258,1.1649647450214349,-1.0290806778993633,0,0,0,0,0,0,0,0,0,-0.10457191532464465,0.01085226973182669,-0.09334882793169019,1.066386975152225,-0.04099982649116438,0.8309618951720469,0.19127128609224295,-0.07183509915005588,0.2059925863337364,-0.1467450416974408,0.0,-1.0465362369445672,-0.08737040566610381,1,train
NA1_5507690497,stage_60,1.0678476403179396,-0.6122243363983132,1.0479463065463521,0.5414932733872624,-0.666965898297692,0.7199375330163225,-0.6703545484399952,0.5357257785840852,-0.7188576018087753,-0.08737040566610381,-0.08737040566610381,0.0,1.7320508075688774,-0.8583950752789522,1.4633716061871682,0,0,0,0,0,0,0,0,0,0.3714105958082114,-0.4666475984686092,0.676779002504754,1.066386975152225,-0.7807664800151891,1.3983597805767551,0.09776087955825757,0.21550529745016764,-0.08876103313567504,-0.0021902245029449155,0.0,-1.0465362369445672,-0.08737040566610381,1,train
NA1_5507693490,stage_60,-0.6346728521101122,0.12291485228858813,-0.4768862330985184,-1.0352077285344723,-0.0915443389820362,-0.5953808664045019,-0.09762444880194103,-1.0474638357390322,0.5967639363369209,-0.08737040566610381,-0.08737040566610381,0.0,-0.5773502691896258,-0.8583950752789522,0.21714546414390237,0,0,0,0,0,0,0,0,0,0.3714105958082114,0.9658520061326984,-0.4784127431499122,0.7477382355481647,0.46515630486737886,0.20383791656684297,-0.4633015596456548,0.023945033050018626,-0.38351465260508655,-0.0021902245029449155,0.0,-1.0465362369445672,-0.08737040566610381,0,train
NA1_5507709046,stage_60,-2.3681285272185586,-2.55744580630863,0.04756531066559409,-0.24685722757360493,-0.37925511863986416,0.06227833330591025,-0.38398949862096815,-0.25586902857747357,-0.061046832735927196,-0.08737040566610381,-0.08737040566610381,0.0,-0.5773502691896258,-0.8583950752789522,0.21714546414390237,0,0,0,0,0,0,0,0,0,-3.9124320043874885,-4.286646544072092,0.29171508728653184,-3.3946953793046197,-3.116871701670004,-0.1545186426361307,-2.520530503393333,-2.0832178753516204,-0.38351465260508655,-5.856660320880028,0.0,-1.0465362369445672,-0.08737040566610381,0,train
NA1_5507776093,stage_60,-1.3890571315092168,1.8255517522071687,-1.9865771271229027,-1.2979912288547613,1.9224311186227594,-1.9106992658253263,1.9069308999312486,-1.3113287714595518,1.9123854744826172,-0.08737040566610381,-0.08737040566610381,0.0,-0.5773502691896258,-0.8583950752789522,0.21714546414390237,0,0,0,0,0,0,0,0,0,-1.5325194487232106,1.4433518743331344,-2.4037323192410223,-0.7260121851206144,1.5164036546120456,-1.7073970658490165,-0.6503223727136256,-0.45495562795035394,-0.1624494380030279,-0.18288374599606477,0.0,-1.0465362369445672,-0.08737040566610381,0,train
NA1_5508008832,stage_60,-0.6911159924392538,0.589904352366357,-0.7955490477478414,-1.2979912288547613,0.19616644067579173,-0.924210466259708,0.18874060101708606,-1.3113287714595518,0.9256693208733451,-0.08737040566610381,-0.08737040566610381,0.0,-0.5773502691896258,1.1649647450214349,-1.0290806778993633,0,0,0,0,0,0,0,0,0,0.3714105958082114,1.920851742533568,-1.2485405735863562,0.4689205883946118,0.8155720881156011,-0.2739708290371219,1.406906571034053,-0.5507357601504285,1.532383873946088,-0.21902245029468875,0.0,-1.0465362369445672,-0.08737040566610381,0,train
NA1_5508254544,stage_60,-0.7920623780279109,-0.30828348172482617,-0.3154900559165179,-1.0352077285344723,-0.37925511863986416,-0.4309660664768989,-0.38398949862096815,-1.0474638357390322,0.4323112440687089,-0.08737040566610381,-0.08737040566610381,0.0,-0.5773502691896258,-0.8583950752789522,0.21714546414390237,0,0,0,0,0,0,0,0,0,-0.10457191532464465,0.48835213793226256,-0.4784127431499122,0.3494273110430892,-0.6250261319048681,0.7413727553713035,-0.5568119661796401,0.5986258262504657,-0.8993334866765565,-0.07446763310019286,0.0,-1.0465362369445672,-0.08737040566610381,0,train
NA1_5508365986,stage_60,0.4643402167986556,-1.02637925800013,0.9161451639862109,0.5414932733872624,-0.95467667795552,0.8843523329439256,-0.9567195982590223,0.5357257785840852,-0.8833102940769874,-0.08737040566610381,-0.08737040566610381,0.0,1.7320508075688774,-0.8583950752789522,1.4633716061871682,0,0,0,0,0,0,0,0,0,0.3714105958082114,0.01085226973182669,0.29171508728653184,-0.2480390757145239,-0.15780508757390513,-0.06492950283538726,1.3133961645000676,0.21550529745016764,0.8691882301399122,-0.18288374599606477,0.0,0.9555330859059092,-0.08737040566610381,1,test
NA1_5508522507,stage_60,-0.8121431106450094,-0.1872752536024846,-0.40152213330564396,-1.2979912288547613,-0.95467667795552,-0.26655126654929584,-0.9567195982590223,-1.0474638357390322,0.10340585953228484,-0.08737040566610381,-0.08737040566610381,0.0,-0.5773502691896258,1.1649647450214349,-1.0290806778993633,0,0,0,0,0,0,0,0,0,0.8473931069410674,1.4433518743331344,-0.4784127431499122,0.7477382355481647,0.8934422621707616,-0.12465559603588287,1.406906571034053,1.5564271482512106,-0.08876103313567504,0.6844451571709106,0.0,-1.0465362369445672,-0.08737040566610381,0,train
NA1_5509241834,stage_60,0.9202271194571074,-0.24351851456075604,0.7310041334448116,0.27870977306697325,-0.0915443389820362,0.2266931332335133,-0.09762444880194103,0.27186084286356565,-0.22549952500413922,-0.08737040566610381,-0.08737040566610381,0.0,1.7320508075688774,-0.8583950752789522,1.4633716061871682,0,0,0,0,0,0,0,0,0,-0.10457191532464465,-0.4666475984686092,0.29171508728653184,0.9070626053501948,-0.11887000054632489,0.7712358019715513,2.154989823305936,-0.5507357601504285,2.121891112884911,-0.07446763310019286,0.0,0.9555330859059092,-0.08737040566610381,1,train
NA1_5509634103,stage_60,0.7834610486595719,-0.42190623113547554,0.7523400886373148,0.5414932733872624,-0.95467667795552,0.8843523329439256,-0.9567195982590223,0.5357257785840852,-0.8833102940769874,-0.08737040566610381,-0.08737040566610381,0.0,-0.5773502691896258,-0.8583950752789522,0.21714546414390237,0,0,0,0,0,0,0,0,0,0.8473931069410674,-0.4666475984686092,1.0618429177229758,0.38925840349359675,1.127052784336243,-0.5726012950395999,0.9393545383641261,-1.029636421150801,1.532383873946088,0.5037516356777907,0.0,-1.0465362369445672,-0.08737040566610381,1,train
NA1_5509798911,stage_60,-0.8029168280912075,0.5632030062548544,-0.8502654489673256,-0.7724242282141831,1.0592987796492754,-1.088625266187311,1.0478357504741673,-0.7835989000185127,1.090122013141557,-0.08737040566610381,-0.08737040566610381,0.0,-0.5773502691896258,-0.8583950752789522,0.21714546414390237,0,0,0,0,0,0,0,0,0,-0.5805544264575007,0.01085226973182669,-0.4784127431499122,-0.2480390757145239,0.03687034756399611,-0.2142447358366263,-1.7724472511214502,-0.07183509915005588,-1.3414639158806736,0.033948479795679054,0.0,-1.0465362369445672,-0.08737040566610381,0,train
NA1_5509809249,stage_60,-0.48216782872079667,0.0570136576304115,-0.34026729420458623,-1.0352077285344723,-0.37925511863986416,-0.4309660664768989,-0.38398949862096815,-1.0474638357390322,0.4323112440687089,-0.08737040566610381,-0.08737040566610381,0.0,-0.5773502691896258,1.1649647450214349,-1.0290806778993633,0,0,0,0,0,0,0,0,0,-0.10457191532464465,0.01085226973182669,-0.09334882793169019,0.9070626053501948,0.5819615659501196,0.2337009631670908,0.6588233187621699,0.5986258262504657,0.05861577659903068,-0.18288374599606477,0.0,-1.0465362369445672,-0.08737040566610381,0,train
NA1_5510042454,stage_60,0.06652462197883995,-0.6213141563511652,0.41853562836750574,0.015926272746684175,-0.95467667795552,0.5555227330887195,-0.9567195982590223,0.00799590714304604,-0.5544049095405633,-0.08737040566610381,-0.08737040566610381,0.0,-0.5773502691896258,1.1649647450214349,-1.0290806778993633,0,0,0,0,0,0,0,0,0,0.3714105958082114,0.01085226973182669,0.29171508728653184,0.7477382355481647,-0.2746103486566459,0.7712358019715513,-0.6503223727136256,0.6944059584505402,-1.0467102964112622,0.14236459269155097,0.0,0.9555330859059092,-0.08737040566610381,1,train
NA1_5510245552,stage_60,0.29663896332072515,0.6688721632067582,-0.2170693593833577,-0.24685722757360493,1.3470095593071034,-0.924210466259708,1.3342008002931944,-0.25586902857747357,0.9256693208733451,-0.08737040566610381,-0.08737040566610381,0.0,-0.5773502691896258,1.1649647450214349,-1.0290806778993633,0,0,0,0,0,0,0,0,0,-0.10457191532464465,0.48835213793226256,-0.4784127431499122,1.2655424374047626,0.38728613081221835,0.6517836155705601,-0.8373431857815963,-0.5507357601504285,-0.23613784287038078,1.443357947442014,0.0,0.9555330859059092,-0.08737040566610381,0,train
NA1_5510260867,stage_60,-0.8381937907969209,0.4796902854380271,-0.8220469275836922,-1.2979912288547613,0.19616644067579173,-0.924210466259708,0.18874060101708606,-1.3113287714595518,0.9256693208733451,-0.08737040566610381,-0.08737040566610381,0.0,-0.5773502691896258,-0.8583950752789522,0.21714546414390237,0,0,0,0,0,0,0,0,0,0.3714105958082114,0.48835213793226256,-0.09334882793169019,0.6680760506471495,1.3217282194741444,-0.5128752018391043,0.4718025056941991,0.5986258262504657,-0.08876103313567504,0.32305811418467084,0.0,-1.0465362369445672,-0.08737040566610381,0,test
NA1_5510286304,stage_60,0.8572713090899879,0.24846799038735567,0.39307013346032443,0.5414932733872624,-0.0915443389820362,0.39110793316111636,-0.09762444880194103,0.5357257785840852,-0.38995221727235124,-0.08737040566610381,-0.08737040566610381,0.0,-0.5773502691896258,-0.8583950752789522,0.21714546414390237,0,0,0,0,0,0,0,0,0,1.3233756180739233,0.01085226973182669,1.0618429177229758,1.066386975152225,0.7377019140604406,0.2337009631670908,0.6588233187621699,-0.7422960245505774,1.0902534447419707,-0.21902245029468875,0.0,0.9555330859059092,-0.08737040566610381,1,train
NA1_5510325798,stage_60,-1.8302905265822185,-2.3421306961754498,0.2581718361141747,0.27870977306697325,-0.95467667795552,0.7199375330163225,-0.9567195982590223,0.27186084286356565,-0.7188576018087753,-0.08737040566610381,-0.08737040566610381,0.0,-0.5773502691896258,-0.8583950752789522,0.21714546414390237,0,0,0,0,0,0,0,0,0,-2.0085019598560665,-2.8541469394707866,0.676779002504754,-2.5582424378439614,-1.5205331335392138,-0.7517795746410867,-1.2113848119175379,-2.1789980075516953,0.7218114204052064,-2.8571478640942387,0.0,0.9555330859059092,-0.08737040566610381,1,train
NA1_5510334415,stage_60,0.29989529833971407,1.0830270848085752,-0.46587412719271026,0.5414932733872624,1.0592987796492754,-0.26655126654929584,1.0478357504741673,0.5357257785840852,0.2678585518004969,-0.08737040566610381,11.445523142259598,-8.12403840463596,-0.5773502691896258,-0.8583950752789522,0.21714546414390237,0,0,0,0,0,0,0,0,0,-0.5805544264575007,-0.4666475984686092,-0.09334882793169019,-0.8853365549226446,0.5819615659501196,-1.1101361338440603,-0.4633015596456548,-1.795877478751397,1.0165650398746178,0.4314742270805427,0.0,-1.0465362369445672,-0.08737040566610381,0,train
NA1_5510413327,stage_60,-1.2919098034427134,0.34163864490408813,-1.0261150151506993,-1.5607747291750504,-0.37925511863986416,-0.7597956663321049,-0.38398949862096815,-1.5751937071800715,0.761216628605133,-0.08737040566610381,-0.08737040566610381,0.0,-0.5773502691896258,1.1649647450214349,-1.0290806778993633,0,0,0,0,0,0,0,0,0,0.3714105958082114,0.9658520061326984,-0.4784127431499122,-0.2480390757145239,0.46515630486737886,-0.542738248439352,-0.276280746577684,0.9817463550507637,-0.9730218915439094,-0.25516115459331273,0.0,-1.0465362369445672,-0.08737040566610381,0,train
NA1_5510462697,stage_60,1.3511487869699774,-1.2229466144805534,1.5975192169080894,1.3298437743481297,-1.242387457613348,1.5420115326543378,-1.2430846480780495,1.327320585745644,-1.5411210631498355,-0.08737040566610381,-0.08737040566610381,0.0,1.7320508075688774,-0.8583950752789522,1.4633716061871682,0,0,0,0,0,0,0,0,0,1.3233756180739233,0.01085226973182669,1.0618429177229758,2.0621642864149137,-0.7418313929876089,2.1150728989827026,0.09776087955825757,0.40706556185031667,-0.23613784287038078,-0.07446763310019286,0.0,0.9555330859059092,-0.08737040566610381,1,train
NA1_5510773961,stage_60,1.1329743406977182,-0.6241547250864313,1.0964683981938192,0.5414932733872624,-0.37925511863986416,0.5555227330887195,-0.38398949862096815,0.5357257785840852,-0.5544049095405633,-0.08737040566610381,-0.08737040566610381,0.0,1.7320508075688774,-0.8583950752789522,1.4633716061871682,0,0,0,0,0,0,0,0,0,0.3714105958082114,-0.9441474666690429,1.0618429177229758,1.3053735298552702,0.11474052161915661,0.8906879883725426,0.004250473024272184,-1.7000973465513225,1.3113186593440294,-0.25516115459331273,0.0,0.9555330859059092,-0.08737040566610381,1,train
NA1_5510880733,stage_60,0.8974327743241849,0.004179079154459555,0.5665108014768026,0.27870977306697325,0.19616644067579173,0.06227833330591025,0.18874060101708606,0.27186084286356565,-0.061046832735927196,-0.08737040566610381,-0.08737040566610381,0.0,-0.5773502691896258,1.1649647450214349,-1.0290806778993633,0,0,0,0,0,0,0,0,0,0.3714105958082114,0.01085226973182669,0.29171508728653184,1.0265558827017174,-0.7418313929876089,1.3386336873762597,0.4718025056941991,-1.3169768177510244,1.3850070642113823,0.07008718409430303,0.0,0.9555330859059092,-0.08737040566610381,1,train
NA1_5510895156,stage_60,0.7139925682544744,-1.062738537811538,1.0964683981938192,1.0670602740278405,-0.666965898297692,1.0487671328715287,-0.6703545484399952,1.0634556500251244,-1.0477629863451994,-0.08737040566610381,-0.08737040566610381,0.0,-0.5773502691896258,-0.8583950752789522,0.21714546414390237,0,0,0,0,0,0,0,0,0,0.3714105958082114,-0.9441474666690429,1.0618429177229758,0.11044075634004394,-0.11887000054632489,0.17397486996659517,-0.4633015596456548,-1.3169768177510244,0.6481230155378536,0.32305811418467084,0.0,0.9555330859059092,-0.08737040566610381,1,test
NA1_5510940402,stage_60,0.8019136137671758,0.6376259071188297,0.12224115383935553,0.8042767737075515,0.7715879999914476,0.06227833330591025,0.7614707006551402,0.7995907143046048,-0.061046832735927196,-0.08737040566610381,-0.08737040566610381,0.0,1.7320508075688774,-0.8583950752789522,1.4633716061871682,0,0,0,0,0,0,0,0,0,-0.5805544264575007,-0.9441474666690429,0.29171508728653184,-1.0446609247246748,-0.2746103486566459,-0.5726012950395999,0.2847816926262284,-1.604317214351248,1.4586954690787353,-0.21902245029468875,0.0,0.9555330859059092,-0.08737040566610381,1,train
NA1_5511025570,stage_60,2.1619762066982235,-0.427587368606008,1.6298672780064007,2.3809777756292863,-0.666965898297692,1.8708411325095438,-0.6703545484399952,2.3827803286277227,-1.8700264476862596,-0.08737040566610381,-0.08737040566610381,0.0,-0.5773502691896258,-0.8583950752789522,0.21714546414390237,0,0,0,0,0,0,0,0,0,0.8473931069410674,-0.4666475984686092,1.0618429177229758,-0.08871470591249377,-0.15780508757390513,0.054522683565603955,-0.6503223727136256,-0.5507357601504285,-0.08876103313567504,1.298803130247518,0.0,0.9555330859059092,-0.08737040566610381,1,test
NA1_5511112040,stage_60,-0.5559780891512127,0.9995143639917479,-0.9579776098585114,-0.24685722757360493,0.7715879999914476,-0.5953808664045019,1.0478357504741673,-0.25586902857747357,0.761216628605133,-0.08737040566610381,-0.08737040566610381,0.0,-0.5773502691896258,1.1649647450214349,-1.0290806778993633,0,0,0,0,0,0,0,0,0,-0.10457191532464465,0.48835213793226256,-0.4784127431499122,-0.20820798326401638,1.0102475232535024,-0.9309578542425735,-2.0529784707234064,-1.7000973465513225,-0.30982624773773365,0.3591968184832948,0.0,0.9555330859059092,-0.08737040566610381,0,train
NA1_5511351938,stage_60,0.24670849302956138,-0.659945891150786,0.5561869521901074,0.27870977306697325,-0.666965898297692,0.5555227330887195,-0.6703545484399952,0.27186084286356565,-0.5544049095405633,-0.08737040566610381,-0.08737040566610381,0.0,-0.5773502691896258,1.1649647450214349,-1.0290806778993633,0,0,0,0,0,0,0,0,0,0.3714105958082114,-0.4666475984686092,0.676779002504754,0.707907143097657,0.07580543459157636,0.4726053359690732,-0.9308535923155817,-1.7000973465513225,0.5744346106705007,-0.21902245029468875,0.0,-1.0465362369445672,-0.08737040566610381,1,train
NA1_5511475491,stage_60,1.2849366415838688,-0.9974054569004145,1.4189166242482636,0.27870977306697325,-0.95467667795552,0.7199375330163225,-0.9567195982590223,0.27186084286356565,-0.7188576018087753,-0.08737040566610381,-0.08737040566610381,0.0,1.7320508075688774,-0.8583950752789522,1.4633716061871682,0,0,0,0,0,0,0,0,0,1.3233756180739233,-0.4666475984686092,1.446906832941198,0.7875693279986722,-0.31354543568422616,0.8309618951720469,1.0328649448981115,-0.1676152313501304,0.942876635007265,-0.1467450416974408,0.0,0.9555330859059092,-0.08737040566610381,1,train
NA1_5511545358,stage_60,0.5452058697702143,0.12291485228858813,0.2712487118773219,0.5414932733872624,0.19616644067579173,0.2266931332335133,0.18874060101708606,0.5357257785840852,-0.22549952500413922,-0.08737040566610381,-0.08737040566610381,0.0,-0.5773502691896258,-0.8583950752789522,0.21714546414390237,0,0,0,0,0,0,0,0,0,0.3714105958082114,0.01085226973182669,0.29171508728653184,-1.0048298322741671,0.6987668270328604,-1.2893144134455472,1.2198857579660822,-1.604317214351248,2.1955795177522637,0.14236459269155097,0.0,-1.0465362369445672,-0.08737040566610381,1,test
NA1_5511665368,stage_60,0.39758534890938235,-0.39293243003575995,0.4901143167552586,0.5414932733872624,-0.666965898297692,0.7199375330163225,-0.6703545484399952,0.5357257785840852,-0.7188576018087753,-0.08737040566610381,-0.08737040566610381,0.0,1.7320508075688774,-0.8583950752789522,1.4633716061871682,0,0,0,0,0,0,0,0,0,-0.5805544264575007,0.48835213793226256,-0.8634766583681343,-1.2039852945267049,0.3483510437846381,-1.169862227044556,-0.0892599335097132,0.40706556185031667,-0.38351465260508655,-0.11060633739881683,0.0,-1.0465362369445672,-0.08737040566610381,1,train
NA1_5511806800,stage_60,-0.3079539052048883,1.7670360362606843,-1.2656283186020263,0.015926272746684175,1.6347203389649314,-0.924210466259708,1.6205658501122215,0.00799590714304604,0.9256693208733451,-0.08737040566610381,-0.08737040566610381,0.0,-0.5773502691896258,1.1649647450214349,-1.0290806778993633,0,0,0,0,0,0,0,0,0,-0.5805544264575007,0.9658520061326984,-1.2485405735863562,-0.7260121851206144,1.1659878713638234,-1.4386296464467863,-1.2113848119175379,0.5986258262504657,-1.4151523207480265,-0.21902245029468875,0.0,-1.0465362369445672,-0.08737040566610381,0,train
NA1_5511879112,stage_60,-1.0883888647559046,1.3881041669761687,-1.530951245270091,-1.0352077285344723,1.6347203389649314,-1.5818696659701201,1.6205658501122215,-1.0474638357390322,1.5834800899461932,-0.08737040566610381,-0.08737040566610381,0.0,-0.5773502691896258,1.1649647450214349,-1.0290806778993633,0,0,0,0,0,0,0,0,0,-0.10457191532464465,0.48835213793226256,-0.4784127431499122,-0.5666878153185843,-0.4303506967669669,-0.09479254943563506,0.09776087955825757,0.9817463550507637,-0.678268272074498,0.3591968184832948,0.0,-1.0465362369445672,-0.08737040566610381,0,train
NA1_5511988312,stage_60,-1.459068334417479,0.9932651127741622,-1.526821705555413,-1.2979912288547613,0.7715879999914476,-1.2530400661149141,0.7614707006551402,-1.3113287714595518,1.2545747054097691,-0.08737040566610381,-0.08737040566610381,0.0,-0.5773502691896258,-0.8583950752789522,0.21714546414390237,0,0,0,0,0,0,0,0,0,-1.0565369375903546,0.9658520061326984,-1.6336044888045784,-0.4870256304175692,1.750014176777527,-1.7073970658490165,-0.4633015596456548,0.21550529745016764,-0.5308914623397922,-0.07446763310019286,0.0,-1.0465362369445672,-0.08737040566610381,0,test
NA1_5512039089,stage_60,-1.4509274968700068,0.7109125804886985,-1.3506280110624829,-1.5607747291750504,1.0592987796492754,-1.5818696659701201,1.0478357504741673,-1.5751937071800715,1.5834800899461932,-0.08737040566610381,-0.08737040566610381,0.0,-0.5773502691896258,1.1649647450214349,-1.0290806778993633,0,0,0,0,0,0,0,0,0,-1.0565369375903546,0.48835213793226256,-1.2485405735863562,0.0706096638895364,0.7377019140604406,-0.5128752018391043,-2.707551316461304,0.6944059584505402,-2.667855203493025,-0.21902245029468875,0.0,-1.0465362369445672,-0.08737040566610381,0,test
NA1_5512080718,stage_60,-1.766791993711934,-1.5712003414241937,-0.16854726773589057,-1.2979912288547613,-0.666965898297692,-0.4309660664768989,-0.6703545484399952,-1.3113287714595518,0.4323112440687089,-0.08737040566610381,-0.08737040566610381,0.0,-0.5773502691896258,-0.8583950752789522,0.21714546414390237,0,0,0,0,0,0,0,0,0,-1.0565369375903546,-0.9441474666690429,-0.09334882793169019,-0.28787016816503147,-0.04099982649116438,-0.1843816892363785,-0.4633015596456548,-1.3169768177510244,0.6481230155378536,-0.7972417190726723,0.0,-1.0465362369445672,-0.08737040566610381,1,train
NA1_5512101118,stage_60,0.5446631472670496,0.39163265464477387,0.10813189314753886,1.5926272746684187,1.0592987796492754,0.39110793316111636,1.0478357504741673,1.5911855214661637,-0.38995221727235124,-0.08737040566610381,-0.08737040566610381,0.0,-0.5773502691896258,-0.8583950752789522,0.21714546414390237,0,0,0,0,0,0,0,0,0,0.3714105958082114,-0.4666475984686092,0.676779002504754,-0.36753235306604654,-1.4426629594840534,0.8309618951720469,0.2847816926262284,-0.838076156750652,0.8691882301399122,1.40721924314339,0.0,-1.0465362369445672,-0.08737040566610381,1,train
NA1_5512207315,stage_60,-0.36765338055301894,1.5204746700395753,-1.1541307463057189,0.015926272746684175,1.0592987796492754,-0.5953808664045019,1.0478357504741673,0.00799590714304604,0.5967639363369209,-0.08737040566610381,-0.08737040566610381,0.0,-0.5773502691896258,-0.8583950752789522,0.21714546414390237,0,0,0,0,0,0,0,0,0,-0.5805544264575007,0.9658520061326984,-1.2485405735863562,-0.8853365549226446,0.5430264789225394,-1.0802730872438127,-0.7438327792476109,-0.1676152313501304,-0.4572030574724394,0.3953355227819188,0.0,-1.0465362369445672,-0.08737040566610381,0,train
NA1_5512229604,stage_60,-0.26996332998335065,1.6068279595916688,-1.1444951536381367,0.015926272746684175,1.9224311186227594,-1.088625266187311,1.9069308999312486,0.00799590714304604,1.090122013141557,-0.08737040566610381,-0.08737040566610381,0.0,-0.5773502691896258,1.1649647450214349,-1.0290806778993633,0,0,0,0,0,0,0,0,0,-0.5805544264575007,0.9658520061326984,-1.2485405735863562,-1.6819584039327955,-0.2746103486566459,-1.0504100406435648,-0.0892599335097132,0.21550529745016764,-0.23613784287038078,-0.18288374599606477,0.0,0.9555330859059092,-0.08737040566610381,0,test
NA1_5512454743,stage_60,0.45837026926384256,0.12348296603564138,0.2158440540387247,0.5414932733872624,0.19616644067579173,0.2266931332335133,0.18874060101708606,0.5357257785840852,-0.22549952500413922,-0.08737040566610381,-0.08737040566610381,0.0,-0.5773502691896258,1.1649647450214349,-1.0290806778993633,0,0,0,0,0,0,0,0,0,0.3714105958082114,0.48835213793226256,-0.09334882793169019,0.11044075634004394,-0.07993491351874464,0.14411182336634737,0.8458441318301407,1.3648668838510618,-0.38351465260508655,0.9012773829626544,0.0,0.9555330859059092,-0.08737040566610381,1,train
NA1_5512514955,stage_60,0.6114180151563228,-1.254192870568482,1.1473993880081819,0.8042767737075515,-0.95467667795552,1.0487671328715287,-0.9567195982590223,0.7995907143046048,-1.0477629863451994,-0.08737040566610381,-0.08737040566610381,0.0,-0.5773502691896258,-0.8583950752789522,0.21714546414390237,0,0,0,0,0,0,0,0,0,-0.10457191532464465,-0.4666475984686092,0.29171508728653184,0.7875693279986722,-1.8320138297598558,1.9956207125817114,-1.6789368445874648,0.40706556185031667,-1.636217535350085,0.5760290442750386,0.0,0.9555330859059092,-0.08737040566610381,1,train
NA1_5512552237,stage_60,-0.530470131502466,1.5988743671329233,-1.3048589458914677,-0.7724242282141831,2.2101418982805874,-1.7462844658977232,2.1932959497502758,-0.7835989000185127,1.7479327822144053,-0.08737040566610381,-0.08737040566610381,0.0,-0.5773502691896258,-0.8583950752789522,0.21714546414390237,0,0,0,0,0,0,0,0,0,-0.5805544264575007,0.48835213793226256,-0.8634766583681343,-0.8455054624721371,0.30941595675705785,-0.8712317610420779,-1.2113848119175379,0.6944059584505402,-1.4888407256153793,-0.21902245029468875,0.0,-1.0465362369445672,-0.08737040566610381,0,train
NA1_5512616100,stage_60,0.9652730872197878,-0.04979172681559889,0.6422190295792335,1.0670602740278405,-0.37925511863986416,0.8843523329439256,-0.38398949862096815,1.0634556500251244,-0.8833102940769874,-0.08737040566610381,-0.08737040566610381,0.0,1.7320508075688774,-0.8583950752789522,1.4633716061871682,0,0,0,0,0,0,0,0,0,-0.5805544264575007,-0.4666475984686092,-0.09334882793169019,-0.6463500002195993,-0.31354543568422616,-0.2441077824368741,-0.8373431857815963,1.4606470160511362,-1.7835943450847909,-0.18288374599606477,0.0,0.9555330859059092,-0.08737040566610381,1,train
NA1_5512655619,stage_60,0.6157597951816414,-0.5770012840810119,0.7399514694932807,0.5414932733872624,-1.242387457613348,1.0487671328715287,-1.2430846480780495,0.5357257785840852,-1.0477629863451994,-0.08737040566610381,-0.08737040566610381,0.0,-0.5773502691896258,-0.8583950752789522,0.21714546414390237,0,0,0,0,0,0,0,0,0,0.8473931069410674,-0.4666475984686092,1.0618429177229758,0.707907143097657,0.30941595675705785,0.29342705636758637,-0.0892599335097132,0.5986258262504657,-0.5308914623397922,0.7928612700667825,0.0,0.9555330859059092,-0.08737040566610381,1,train
NA1_5512662459,stage_60,-0.7133676150690115,0.9961056815094285,-1.0557100497725587,-1.2979912288547613,1.0592987796492754,-1.4174548660425172,1.0478357504741673,-1.3113287714595518,1.419027397677981,-0.08737040566610381,-0.08737040566610381,0.0,-0.5773502691896258,-0.8583950752789522,0.21714546414390237,0,0,0,0,0,0,0,0,0,-0.10457191532464465,0.9658520061326984,-0.8634766583681343,1.2655424374047626,0.3483510437846381,0.6816466621708079,1.2198857579660822,0.9817463550507637,0.2059925863337364,0.106225888392927,0.0,-1.0465362369445672,-0.08737040566610381,0,train
NA1_5512814875,stage_60,-0.8170276131734928,-0.023658494451149537,-0.5037282412439258,-1.0352077285344723,0.19616644067579173,-0.7597956663321049,0.18874060101708606,-1.0474638357390322,0.761216628605133,-0.08737040566610381,-0.08737040566610381,0.0,1.7320508075688774,-0.8583950752789522,1.4633716061871682,0,0,0,0,0,0,0,0,0,-0.5805544264575007,0.01085226973182669,-0.4784127431499122,0.0706096638895364,-0.31354543568422616,0.29342705636758637,-0.8373431857815963,0.6944059584505402,-1.194087106145968,-0.11060633739881683,0.0,-1.0465362369445672,-0.08737040566610381,0,train
NA1_5512817152,stage_60,0.4751946668619521,-0.5900679002632365,0.6587371884379457,1.0670602740278405,-0.0915443389820362,0.7199375330163225,-0.09762444880194103,1.0634556500251244,-0.7188576018087753,-0.08737040566610381,-0.08737040566610381,0.0,-0.5773502691896258,-0.8583950752789522,0.21714546414390237,0,0,0,0,0,0,0,0,0,0.3714105958082114,-0.4666475984686092,0.676779002504754,-0.327701260615539,0.11474052161915661,-0.3336969222376175,1.1263753514320969,-1.3169768177510244,1.9008258982828523,0.033948479795679054,0.0,0.9555330859059092,-0.08737040566610381,1,train
NA1_5512819559,stage_60,0.47248105434612797,-0.46792344464678853,0.5830289603355148,-0.509640727893894,-0.37925511863986416,-0.1021364666216928,-0.38398949862096815,-0.5197339642979931,0.10340585953228484,-0.08737040566610381,-0.08737040566610381,0.0,-0.5773502691896258,1.1649647450214349,-1.0290806778993633,0,0,0,0,0,0,0,0,0,0.3714105958082114,0.01085226973182669,0.29171508728653184,1.3850357147562853,-0.2746103486566459,1.2490445475755163,0.9393545383641261,0.5986258262504657,0.27968099120108925,1.22652572165027,0.0,-1.0465362369445672,-0.08737040566610381,1,train
NA1_5512877562,stage_60,-1.5909499026865312,1.0841633123026817,-1.6655054143066843,-1.0352077285344723,1.6347203389649314,-1.5818696659701201,1.6205658501122215,-1.0474638357390322,1.5834800899461932,-0.08737040566610381,-0.08737040566610381,0.0,-0.5773502691896258,-0.8583950752789522,0.21714546414390237,0,0,0,0,0,0,0,0,0,-2.0085019598560665,0.01085226973182669,-1.6336044888045784,-2.6379046227449763,0.8545071751431813,-2.6331515104566985,-0.4633015596456548,-0.7422960245505774,0.2059925863337364,0.32305811418467084,0.0,-1.0465362369445672,-0.08737040566610381,0,train
NA1_5512907852,stage_60,1.4857439677548536,-0.014568674498297587,0.9509021232514179,1.8554107749887079,-0.37925511863986416,1.3775967327267347,-0.38398949862096815,1.8550504571866833,-1.3766683708816234,-0.08737040566610381,-0.08737040566610381,0.0,-0.5773502691896258,-0.8583950752789522,0.21714546414390237,0,0,0,0,0,0,0,0,0,0.8473931069410674,-0.9441474666690429,1.446906832941198,0.0706096638895364,-1.0922471762358312,0.8906879883725426,0.6588233187621699,-0.1676152313501304,0.6481230155378536,0.5760290442750386,0.0,-1.0465362369445672,-0.08737040566610381,1,train
NA1_5512937470,stage_60,-1.5800954526232347,0.935317510574731,-1.56846123101175,-1.5607747291750504,1.3470095593071034,-1.7462844658977232,1.3342008002931944,-1.5751937071800715,1.7479327822144053,-0.08737040566610381,-0.08737040566610381,0.0,-0.5773502691896258,1.1649647450214349,-1.0290806778993633,0,0,0,0,0,0,0,0,0,-0.10457191532464465,0.9658520061326984,-0.8634766583681343,-1.1243231096256898,0.15367560864673685,-0.9608209008428213,0.2847816926262284,-0.7422960245505774,0.7954998252725592,-0.21902245029468875,0.0,-1.0465362369445672,-0.08737040566610381,0,train
NA1_5512995018,stage_60,0.5750556074442796,0.08882802746539332,0.3108234674763199,-0.24685722757360493,-0.666965898297692,0.2266931332335133,-0.6703545484399952,-0.25586902857747357,-0.22549952500413922,-0.08737040566610381,-0.08737040566610381,0.0,-0.5773502691896258,1.1649647450214349,-1.0290806778993633,0,0,0,0,0,0,0,0,0,0.8473931069410674,0.48835213793226256,0.29171508728653184,0.628244958196642,1.0881176973086628,-0.3635599688378653,0.6588233187621699,0.9817463550507637,-0.23613784287038078,1.0819709044557742,0.0,-1.0465362369445672,-0.08737040566610381,1,train
NA1_5513090454,stage_60,-0.20103757208141806,1.4062838068818726,-0.9793135650510146,-0.7724242282141831,0.7715879999914476,-0.924210466259708,0.7614707006551402,-0.7835989000185127,0.9256693208733451,-0.08737040566610381,-0.08737040566610381,0.0,-0.5773502691896258,-0.8583950752789522,0.21714546414390237,0,0,0,0,0,0,0,0,0,-0.5805544264575007,0.48835213793226256,-0.8634766583681343,0.707907143097657,1.3606633065017246,-0.5128752018391043,-0.8373431857815963,0.31128542965024214,-0.8993334866765565,0.5398903399764147,0.0,0.9555330859059092,-0.08737040566610381,0,test
NA1_5513106333,stage_60,-1.0465992320122133,0.896117662028057,-1.2064382493583075,-1.0352077285344723,0.7715879999914476,-1.088625266187311,0.7614707006551402,-1.0474638357390322,1.090122013141557,-0.08737040566610381,-0.08737040566610381,0.0,-0.5773502691896258,1.1649647450214349,-1.0290806778993633,0,0,0,0,0,0,0,0,0,-0.10457191532464465,0.48835213793226256,-0.4784127431499122,-0.6065189077690918,0.38728613081221835,-0.7517795746410867,0.2847816926262284,0.5986258262504657,-0.23613784287038078,1.371080538844766,0.0,-1.0465362369445672,-0.08737040566610381,0,train
NA1_5513123272,stage_60,0.7872601061817257,-0.21908962343746644,0.6318951802925383,1.0670602740278405,-0.37925511863986416,0.8843523329439256,-0.38398949862096815,1.0634556500251244,-0.8833102940769874,-0.08737040566610381,-0.08737040566610381,0.0,1.7320508075688774,-0.8583950752789522,1.4633716061871682,0,0,0,0,0,0,0,0,0,0.8473931069410674,0.01085226973182669,0.676779002504754,0.707907143097657,0.6208966529776999,0.054522683565603955,0.8458441318301407,-0.5507357601504285,1.0902534447419707,0.5760290442750386,0.0,0.9555330859059092,-0.08737040566610381,1,test
NA1_5513140774,stage_60,-0.5679179842208388,-1.2962332878504224,0.4250740662490793,0.8042767737075515,0.19616644067579173,0.39110793316111636,0.18874060101708606,0.7995907143046048,-0.38995221727235124,-0.08737040566610381,-0.08737040566610381,0.0,-0.5773502691896258,-0.8583950752789522,0.21714546414390237,0,0,0,0,0,0,0,0,0,-2.4844844709889227,-2.8541469394707866,0.29171508728653184,-1.7616205888338106,-1.7541436557046954,0.02465963696535615,-1.2113848119175379,-2.4663384041519185,0.942876635007265,-4.736360487622686,0.0,0.9555330859059092,-0.08737040566610381,1,train
NA1_5513254064,stage_60,-1.8416876991486797,2.063023298475426,-2.417425770687646,-1.2979912288547613,2.497852677938415,-2.2395288656805326,2.4796609995693033,-1.3113287714595518,2.2412908590190415,-0.08737040566610381,-0.08737040566610381,0.0,-0.5773502691896258,-0.8583950752789522,0.21714546414390237,0,0,0,0,0,0,0,0,0,-1.5325194487232106,0.48835213793226256,-1.6336044888045784,-1.6819584039327955,1.0102475232535024,-2.0358905784517423,-0.9308535923155817,-1.604317214351248,0.5007462058031479,-0.25516115459331273,0.0,-1.0465362369445672,-0.08737040566610381,0,train
NA1_5513336101,stage_60,-1.3092769235439878,0.8398744010697855,-1.3389276485375616,-1.0352077285344723,0.7715879999914476,-1.088625266187311,1.0478357504741673,-1.0474638357390322,1.2545747054097691,-0.08737040566610381,-0.08737040566610381,0.0,1.7320508075688774,-0.8583950752789522,1.4633716061871682,0,0,0,0,0,0,0,0,0,-2.0085019598560665,0.01085226973182669,-1.6336044888045784,-1.1243231096256898,0.23154578270189735,-1.020546994043317,-1.3984056249855086,-0.838076156750652,-0.4572030574724394,-0.18288374599606477,0.0,-1.0465362369445672,-0.08737040566610381,0,train
NA1_5513376013,stage_60,0.2450803255200669,-0.40656715996503784,0.40167334119923703,-0.24685722757360493,-1.242387457613348,0.5555227330887195,-1.2430846480780495,-0.25586902857747357,-0.5544049095405633,-0.08737040566610381,-0.08737040566610381,0.0,-0.5773502691896258,-0.8583950752789522,0.21714546414390237,0,0,0,0,0,0,0,0,0,1.7993581292067773,0.48835213793226256,1.0618429177229758,1.6240222694593305,0.8545071751431813,0.5621944757698167,0.5653129122281845,0.5986258262504657,-0.01507262826832218,-0.07446763310019286,0.0,0.9555330859059092,-0.08737040566610381,1,train
NA1_5513384541,stage_60,0.041559386833258063,-0.9297999210010781,0.5895673982170884,-0.7724242282141831,-0.95467667795552,0.06227833330591025,-0.9567195982590223,-0.7835989000185127,-0.061046832735927196,-0.08737040566610381,-0.08737040566610381,0.0,1.7320508075688774,-0.8583950752789522,1.4633716061871682,0,0,0,0,0,0,0,0,0,0.8473931069410674,0.48835213793226256,0.29171508728653184,0.8274004204491797,0.3483510437846381,0.353153149568082,1.0328649448981115,1.2690867516509872,-0.1624494380030279,1.22652572165027,0.0,-1.0465362369445672,-0.08737040566610381,0,train
NA1_5513499022,stage_60,-1.9078998445347881,0.45355705307357774,-1.484493923479963,-1.5607747291750504,1.0592987796492754,-1.5818696659701201,1.0478357504741673,-1.5751937071800715,1.5834800899461932,-0.08737040566610381,-0.08737040566610381,0.0,-0.5773502691896258,-0.8583950752789522,0.21714546414390237,0,0,0,0,0,0,0,0,0,-2.4844844709889227,0.01085226973182669,-2.0186684040228005,-0.6463500002195993,0.5040913918949591,-0.8712317610420779,-3.2686137556652164,-0.838076156750652,-1.9309711548194965,-0.25516115459331273,0.0,-1.0465362369445672,-0.08737040566610381,0,train
NA1_5513503335,stage_60,0.9717857572577656,-0.6264271800746444,0.9956388034937634,0.8042767737075515,-0.666965898297692,0.8843523329439256,-0.6703545484399952,0.7995907143046048,-0.8833102940769874,-0.08737040566610381,-0.08737040566610381,0.0,-0.5773502691896258,1.1649647450214349,-1.0290806778993633,0,0,0,0,0,0,0,0,0,0.3714105958082114,-0.4666475984686092,0.676779002504754,0.8274004204491797,-0.7418313929876089,1.1893184543750206,-0.4633015596456548,0.21550529745016764,-0.5308914623397922,-0.07446763310019286,0.0,0.9555330859059092,-0.08737040566610381,1,train
NA1_5513581514,stage_60,-1.0205485518603017,1.2500525264422298,-1.4043120273532974,-1.0352077285344723,1.0592987796492754,-1.2530400661149141,1.0478357504741673,-1.0474638357390322,1.2545747054097691,-0.08737040566610381,-0.08737040566610381,0.0,1.7320508075688774,-0.8583950752789522,1.4633716061871682,0,0,0,0,0,0,0,0,0,-1.0565369375903546,0.9658520061326984,-1.6336044888045784,-0.7260121851206144,1.6721440027223666,-1.8268492522500077,0.3782920991602137,-0.3591754957502794,0.5744346106705007,0.4676129313791667,0.0,-1.0465362369445672,-0.08737040566610381,0,train
NA1_5513709490,stage_60,1.0933555979666862,-1.279189875438825,1.4681269725148438,1.8554107749887079,-1.242387457613348,1.8708411325095438,-1.2430846480780495,1.8550504571866833,-1.8700264476862596,-0.08737040566610381,-0.08737040566610381,0.0,-0.5773502691896258,-0.8583950752789522,0.21714546414390237,0,0,0,0,0,0,0,0,0,0.3714105958082114,-0.4666475984686092,0.676779002504754,0.22993403369156656,0.46515630486737886,-0.1843816892363785,-1.2113848119175379,-2.4663384041519185,0.942876635007265,-0.11060633739881683,0.0,0.9555330859059092,-0.08737040566610381,1,test
NA1_5513770950,stage_60,-0.6341301296069473,0.25301290036378166,-0.5553474876774014,-1.0352077285344723,-0.95467667795552,-0.1021364666216928,-0.9567195982590223,-1.0474638357390322,0.10340585953228484,-0.08737040566610381,-0.08737040566610381,0.0,-0.5773502691896258,1.1649647450214349,-1.0290806778993633,0,0,0,0,0,0,0,0,0,0.3714105958082114,0.48835213793226256,-0.09334882793169019,-0.2480390757145239,1.5553387416396258,-1.3789035532462905,1.2198857579660822,0.5986258262504657,0.5007462058031479,-0.11060633739881683,0.0,-1.0465362369445672,-0.08737040566610381,0,train
NA1_5513783454,stage_60,0.31292063841566986,-1.4859832793662067,1.098533168051158,0.015926272746684175,-0.95467667795552,0.5555227330887195,-0.9567195982590223,0.00799590714304604,-0.5544049095405633,-0.08737040566610381,-0.08737040566610381,0.0,1.7320508075688774,-0.8583950752789522,1.4633716061871682,0,0,0,0,0,0,0,0,0,0.3714105958082114,-0.4666475984686092,0.676779002504754,0.9070626053501948,-0.7418313929876089,1.2490445475755163,-0.0892599335097132,-1.7000973465513225,1.2376302544766766,1.1181096087543982,0.0,0.9555330859059092,-0.08737040566610381,1,train
NA1_5513798990,stage_60,0.8127680638304724,-1.1678395810163886,1.2227634878010563,0.8042767737075515,-1.5300982372711758,1.3775967327267347,-1.5294496978970766,0.7995907143046048,-1.3766683708816234,-0.08737040566610381,-0.08737040566610381,0.0,-0.5773502691896258,-0.8583950752789522,0.21714546414390237,0,0,0,0,0,0,0,0,0,-0.5805544264575007,0.01085226973182669,-0.4784127431499122,-0.08871470591249377,-0.04099982649116438,-0.03506645623513946,0.6588233187621699,0.023945033050018626,0.5007462058031479,0.21464200128879893,0.0,0.9555330859059092,-0.08737040566610381,1,train
NA1_5513821798,stage_60,-0.40727212328405105,1.3579941383823466,-1.0808314163701835,-0.509640727893894,0.7715879999914476,-0.7597956663321049,0.7614707006551402,-0.5197339642979931,0.761216628605133,-0.08737040566610381,-0.08737040566610381,0.0,1.7320508075688774,-0.8583950752789522,1.4633716061871682,0,0,0,0,0,0,0,0,0,0.3714105958082114,0.48835213793226256,-0.09334882793169019,-0.009052521011478678,0.8545071751431813,-0.6621904348403433,-0.1827703400436986,0.8859662228506892,-0.8256450818092037,0.2507807055874229,0.0,-1.0465362369445672,-0.08737040566610381,0,test
NA1_5513923117,stage_60,-0.5163593464201806,0.38538340342718813,-0.5608535406303055,-1.0352077285344723,-0.0915443389820362,-0.5953808664045019,-0.09762444880194103,-1.0474638357390322,0.5967639363369209,-0.08737040566610381,-0.08737040566610381,0.0,-0.5773502691896258,-0.8583950752789522,0.21714546414390237,0,0,0,0,0,0,0,0,0,-0.10457191532464465,0.9658520061326984,-0.8634766583681343,0.8672315128996873,1.0102475232535024,-0.12465559603588287,0.7523337252961553,0.5986258262504657,0.13230418146638354,0.033948479795679054,0.0,0.9555330859059092,-0.08737040566610381,0,train
NA1_5513967126,stage_60,0.7818328811500774,-0.83038001526676,0.9987359582797719,1.5926272746684187,-0.666965898297692,1.3775967327267347,-0.6703545484399952,1.5911855214661637,-1.3766683708816234,-0.08737040566610381,-0.08737040566610381,0.0,1.7320508075688774,-0.8583950752789522,1.4633716061871682,0,0,0,0,0,0,0,0,0,-0.10457191532464465,-0.4666475984686092,0.29171508728653184,0.19010294124105903,-1.9098840038150164,1.60740110677849,-0.8373431857815963,-0.6465158923505029,-0.1624494380030279,-0.18288374599606477,0.0,0.9555330859059092,-0.08737040566610381,1,train
NA1_5513985780,stage_60,1.3815412471472075,-1.313844814009073,1.6718509317722943,1.5926272746684187,-0.95467667795552,1.5420115326543378,-0.9567195982590223,1.5911855214661637,-1.5411210631498355,-0.08737040566610381,-0.08737040566610381,0.0,-0.5773502691896258,-0.8583950752789522,0.21714546414390237,0,0,0,0,0,0,0,0,0,1.3233756180739233,-0.9441474666690429,1.83197074815942,1.7435155468108532,-0.4303506967669669,1.6372641533787378,1.3133961645000676,-2.4663384041519185,2.9324635664257923,0.14236459269155097,0.0,0.9555330859059092,-0.08737040566610381,1,train
NA1_5514137924,stage_60,-1.5003152446580057,0.5643392337489609,-1.2931585833665467,-1.2979912288547613,-0.666965898297692,-0.4309660664768989,-0.6703545484399952,-1.3113287714595518,0.4323112440687089,-0.08737040566610381,-0.08737040566610381,0.0,-0.5773502691896258,1.1649647450214349,-1.0290806778993633,0,0,0,0,0,0,0,0,0,0.3714105958082114,0.9658520061326984,-0.4784127431499122,-1.0844920171751822,1.8668194378602678,-2.244931904653477,1.2198857579660822,0.9817463550507637,0.2059925863337364,-0.0021902245029449155,0.0,-1.0465362369445672,-0.08737040566610381,0,train
NA1_5514207025,stage_60,0.9147998944254592,0.7438631778177869,0.12946784834004213,1.8554107749887079,-0.0915443389820362,1.2131819327991316,-0.09762444880194103,1.8550504571866833,-1.2122156786134115,-0.08737040566610381,-0.08737040566610381,0.0,-0.5773502691896258,-0.8583950752789522,0.21714546414390237,0,0,0,0,0,0,0,0,0,0.8473931069410674,0.48835213793226256,0.29171508728653184,-1.0446609247246748,0.38728613081221835,-1.0802730872438127,-0.4633015596456548,0.9817463550507637,-1.1203987012786152,-0.25516115459331273,0.0,0.9555330859059092,-0.08737040566610381,1,train
NA1_5514211338,stage_60,-0.988527924173577,1.6664799030322597,-1.6362545079943813,-1.0352077285344723,1.0592987796492754,-1.2530400661149141,1.0478357504741673,-1.0474638357390322,1.2545747054097691,-0.08737040566610381,-0.08737040566610381,0.0,-0.5773502691896258,1.1649647450214349,-1.0290806778993633,0,0,0,0,0,0,0,0,0,-0.5805544264575007,0.9658520061326984,-1.2485405735863562,-1.1243231096256898,1.594273828667206,-2.06575362505199,1.0328649448981115,0.11972516525009314,0.7218114204052064,-0.038328928801568886,0.0,-1.0465362369445672,-0.08737040566610381,0,train
NA1_5514256068,stage_60,0.24779393803589103,1.0193983451386115,-0.4603680742398062,0.5414932733872624,0.19616644067579173,0.2266931332335133,0.18874060101708606,0.5357257785840852,-0.22549952500413922,-0.08737040566610381,-0.08737040566610381,0.0,-0.5773502691896258,1.1649647450214349,-1.0290806778993633,0,0,0,0,0,0,0,0,0,0.3714105958082114,0.48835213793226256,-0.09334882793169019,-1.7616205888338106,0.8545071751431813,-1.9761644852512468,0.2847816926262284,0.31128542965024214,-0.01507262826832218,0.7205838614695346,0.0,-1.0465362369445672,-0.08737040566610381,0,train
NA1_5514291536,stage_60,0.33625770605175725,-0.5985896064690353,0.5758022658348282,0.5414932733872624,-1.242387457613348,1.0487671328715287,-1.2430846480780495,0.5357257785840852,-1.0477629863451994,-0.08737040566610381,-0.08737040566610381,0.0,1.7320508075688774,-0.8583950752789522,1.4633716061871682,0,0,0,0,0,0,0,0,0,0.8473931069410674,-0.4666475984686092,1.0618429177229758,0.030778571439028863,0.5819615659501196,-0.42328606203836094,0.09776087955825757,0.21550529745016764,-0.08876103313567504,0.7928612700667825,0.0,0.9555330859059092,-0.08737040566610381,1,train
NA1_5514320838,stage_60,1.5150509829257541,-0.14580295006759758,1.0489786914750217,1.3298437743481297,-0.37925511863986416,1.0487671328715287,-0.38398949862096815,1.327320585745644,-1.0477629863451994,-0.08737040566610381,-0.08737040566610381,0.0,1.7320508075688774,-0.8583950752789522,1.4633716061871682,0,0,0,0,0,0,0,0,0,-0.10457191532464465,-1.4216473348694787,1.0618429177229758,-0.20820798326401638,-0.15780508757390513,-0.03506645623513946,-0.1827703400436986,0.11972516525009314,-0.23613784287038078,-0.21902245029468875,0.0,-1.0465362369445672,-0.08737040566610381,1,train
NA1_5514321789,stage_60,1.0580786352609726,-1.3587258000262794,1.4939365957315816,1.3298437743481297,-1.8178090169290038,1.8708411325095438,-1.8158147477161037,1.327320585745644,-1.8700264476862596,-0.08737040566610381,-0.08737040566610381,0.0,-0.5773502691896258,-0.8583950752789522,0.21714546414390237,0,0,0,0,0,0,0,0,0,0.8473931069410674,-0.4666475984686092,1.0618429177229758,0.22993403369156656,0.7377019140604406,-0.3934230154381131,1.8744586037039799,-1.7000973465513225,2.785086756691087,-0.21902245029468875,0.0,0.9555330859059092,-0.08737040566610381,1,test
NA1_5514356223,stage_60,-0.10606113402757394,-1.9944450829788625,1.1408609501266083,0.8042767737075515,-1.5300982372711758,1.3775967327267347,-1.5294496978970766,0.7995907143046048,-1.3766683708816234,-0.08737040566610381,-0.08737040566610381,0.0,1.7320508075688774,-0.8583950752789522,1.4633716061871682,0,0,0,0,0,0,0,0,0,-0.10457191532464465,-2.3766470712703507,1.83197074815942,-0.5666878153185843,-1.4426629594840534,0.6816466621708079,-0.1827703400436986,0.023945033050018626,-0.1624494380030279,-1.122490057760288,0.0,0.9555330859059092,-0.08737040566610381,1,train
NA1_5514389845,stage_60,0.9001463868400089,-0.5627984404046807,0.9116714959619764,0.5414932733872624,-0.666965898297692,0.7199375330163225,-0.6703545484399952,0.5357257785840852,-0.7188576018087753,-0.08737040566610381,-0.08737040566610381,0.0,-0.5773502691896258,1.1649647450214349,-1.0290806778993633,0,0,0,0,0,0,0,0,0,1.3233756180739233,-0.9441474666690429,1.83197074815942,0.9070626053501948,-0.9754419151530904,1.428222827177003,0.2847816926262284,0.21550529745016764,0.05861577659903068,0.32305811418467084,0.0,0.9555330859059092,-0.08737040566610381,1,train
NA1_5514466969,stage_60,0.25919111060235234,0.8177179649347089,-0.3309758298465606,-0.509640727893894,1.0592987796492754,-0.924210466259708,1.0478357504741673,-0.5197339642979931,0.9256693208733451,-0.08737040566610381,-0.08737040566610381,0.0,1.7320508075688774,-0.8583950752789522,1.4633716061871682,0,0,0,0,0,0,0,0,0,-0.10457191532464465,0.48835213793226256,-0.4784127431499122,0.8672315128996873,0.30941595675705785,0.4128792427685776,1.0328649448981115,0.11972516525009314,0.7218114204052064,-0.21902245029468875,0.0,-1.0465362369445672,-0.08737040566610381,0,train
NA1_5514503581,stage_60,-1.6555338805631452,0.5115046552730089,-1.359575347110952,-1.5607747291750504,0.4838772203336197,-1.2530400661149141,0.47510565083611317,-1.5751937071800715,1.2545747054097691,-0.08737040566610381,-0.08737040566610381,0.0,-0.5773502691896258,1.1649647450214349,-1.0290806778993633,0,0,0,0,0,0,0,0,0,-1.0565369375903546,0.01085226973182669,-0.8634766583681343,-1.6421273114822879,0.8934422621707616,-1.916438392050751,0.2847816926262284,0.5986258262504657,-0.23613784287038078,-0.21902245029468875,0.0,-1.0465362369445672,-0.08737040566610381,0,test
NA1_5514511320,stage_60,0.41006796648217325,-0.8371973802313989,0.7671376059482445,-0.24685722757360493,-0.95467667795552,0.39110793316111636,-0.9567195982590223,-0.25586902857747357,-0.38995221727235124,-0.08737040566610381,-0.08737040566610381,0.0,-0.5773502691896258,-0.8583950752789522,0.21714546414390237,0,0,0,0,0,0,0,0,0,1.3233756180739233,-0.4666475984686092,1.446906832941198,0.628244958196642,-0.31354543568422616,0.7115097087710557,0.8458441318301407,0.21550529745016764,0.5007462058031479,-0.25516115459331273,0.0,0.9555330859059092,-0.08737040566610381,1,train
NA1_5514538906,stage_60,0.6532076479000142,-1.50927594299539,1.328410878834903,0.27870977306697325,-1.242387457613348,0.8843523329439256,-1.2430846480780495,0.27186084286356565,-0.8833102940769874,-0.08737040566610381,-0.08737040566610381,0.0,-0.5773502691896258,-0.8583950752789522,0.21714546414390237,0,0,0,0,0,0,0,0,0,0.8473931069410674,-1.4216473348694787,1.83197074815942,1.2655424374047626,-1.7152085686771152,2.2643881319839414,-0.0892599335097132,-0.3591754957502794,0.2059925863337364,-0.11060633739881683,0.0,0.9555330859059092,-0.08737040566610381,1,train
NA1_5514603527,stage_60,0.1690991750769916,0.19222472942908422,-0.00921586041122911,-0.24685722757360493,-0.37925511863986416,0.06227833330591025,-0.38398949862096815,-0.25586902857747357,-0.061046832735927196,-0.08737040566610381,-0.08737040566610381,0.0,-0.5773502691896258,1.1649647450214349,-1.0290806778993633,0,0,0,0,0,0,0,0,0,0.3714105958082114,-0.9441474666690429,1.0618429177229758,1.5443600845583154,-0.04099982649116438,1.1893184543750206,-0.276280746577684,-0.45495562795035394,0.13230418146638354,0.4676129313791667,0.0,-1.0465362369445672,-0.08737040566610381,1,train
NA1_5514618397,stage_60,-0.4550317035625555,1.6159177795445205,-1.2673489601498087,-0.24685722757360493,1.0592987796492754,-0.7597956663321049,1.0478357504741673,-0.25586902857747357,0.761216628605133,-0.08737040566610381,-0.08737040566610381,0.0,-0.5773502691896258,-0.8583950752789522,0.21714546414390237,0,0,0,0,0,0,0,0,0,-0.10457191532464465,0.9658520061326984,-0.8634766583681343,-1.0844920171751822,0.11474052161915661,-0.9010948076423257,-0.276280746577684,1.3648668838510618,-1.2677755110133206,-0.0021902245029449155,0.0,0.9555330859059092,-0.08737040566610381,0,train
NA1_5514635322,stage_60,0.45294304423219434,-1.2877115816446236,1.0672174918815163,0.8042767737075515,-0.95467667795552,1.0487671328715287,-0.9567195982590223,0.7995907143046048,-1.0477629863451994,-0.08737040566610381,-0.08737040566610381,0.0,1.7320508075688774,-0.8583950752789522,1.4633716061871682,0,0,0,0,0,0,0,0,0,0.8473931069410674,-0.4666475984686092,1.0618429177229758,-0.16837689081350884,-0.8975717410979299,0.5621944757698167,0.2847816926262284,0.40706556185031667,-0.08876103313567504,-0.21902245029468875,0.0,0.9555330859059092,-0.08737040566610381,1,train
NA1_5514665131,stage_60,-0.148936211777595,1.602851163362296,-1.0653456424401408,0.015926272746684175,1.3470095593071034,-0.7597956663321049,1.3342008002931944,0.00799590714304604,0.761216628605133,-0.08737040566610381,-0.08737040566610381,0.0,-0.5773502691896258,1.1649647450214349,-1.0290806778993633,0,0,0,0,0,0,0,0,0,0.3714105958082114,0.9658520061326984,-0.4784127431499122,-0.6463500002195993,0.5819615659501196,-0.9309578542425735,0.19127128609224295,1.2690867516509872,-0.8256450818092037,-0.07446763310019286,0.0,-1.0465362369445672,-0.08737040566610381,0,train
NA1_5514677204,stage_60,0.06218284195352136,-0.9440027646774093,0.6112474817191481,-0.24685722757360493,-0.95467667795552,0.39110793316111636,-0.9567195982590223,-0.25586902857747357,-0.38995221727235124,-0.08737040566610381,-0.08737040566610381,0.0,1.7320508075688774,-0.8583950752789522,1.4633716061871682,0,0,0,0,0,0,0,0,0,0.3714105958082114,-0.4666475984686092,0.676779002504754,0.2697651261420741,-0.5471559578497076,0.6219205689703123,1.0328649448981115,-0.3591754957502794,1.0902534447419707,-0.07446763310019286,0.0,-1.0465362369445672,-0.08737040566610381,1,test
NA1_5514690598,stage_60,-0.5212438489486639,0.5421827976138842,-0.6589301088539092,-0.509640727893894,1.0592987796492754,-0.924210466259708,1.0478357504741673,-0.5197339642979931,0.9256693208733451,-0.08737040566610381,-0.08737040566610381,0.0,-0.5773502691896258,1.1649647450214349,-1.0290806778993633,0,0,0,0,0,0,0,0,0,-0.10457191532464465,0.9658520061326984,-0.8634766583681343,-0.4870256304175692,0.6598317400052801,-0.8712317610420779,0.4718025056941991,0.5986258262504657,-0.08876103313567504,-0.21902245029468875,0.0,-1.0465362369445672,-0.08737040566610381,0,train
NA1_5514707682,stage_60,-0.3768796631068209,0.1297322172532271,-0.31755482577385696,0.5414932733872624,0.4838772203336197,0.06227833330591025,0.47510565083611317,0.7995907143046048,-0.22549952500413922,-0.08737040566610381,-0.08737040566610381,0.0,-0.5773502691896258,1.1649647450214349,-1.0290806778993633,0,0,0,0,0,0,0,0,0,-0.10457191532464465,0.48835213793226256,-0.4784127431499122,-0.9649987398236597,0.6598317400052801,-1.2295883202450515,-2.707551316461304,1.6522072804512853,-3.4047392521665536,1.3349418345461421,0.0,0.9555330859059092,-0.08737040566610381,0,train
NA1_5514720538,stage_60,2.1967104469007723,0.29448520389866867,1.2145044083717,2.643761275949575,0.19616644067579173,1.5420115326543378,0.18874060101708606,2.6466452643482423,-1.5411210631498355,11.445523142259598,-0.08737040566610381,8.12403840463596,1.7320508075688774,-0.8583950752789522,1.4633716061871682,0,0,0,0,0,0,0,0,0,0.8473931069410674,-0.4666475984686092,1.0618429177229758,1.066386975152225,-0.8197015670427694,1.428222827177003,-0.0892599335097132,-0.1676152313501304,0.05861577659903068,0.106225888392927,0.0,0.9555330859059092,11.445523142259598,1,train
NA1_5514744013,stage_60,-0.7833788179772738,1.0171258901503986,-1.1128353491589384,-1.0352077285344723,1.9224311186227594,-1.7462844658977232,1.9069308999312486,-1.0474638357390322,1.7479327822144053,-0.08737040566610381,-0.08737040566610381,0.0,-0.5773502691896258,1.1649647450214349,-1.0290806778993633,0,0,0,0,0,0,0,0,0,-0.5805544264575007,0.01085226973182669,-0.4784127431499122,0.030778571439028863,-1.7541436557046954,1.3684967339765075,-1.1178744053835525,-0.3591754957502794,-0.6045798672071451,-0.0021902245029449155,0.0,-1.0465362369445672,-0.08737040566610381,0,train
NA1_5514747309,stage_60,0.13545037988077255,-0.21170414472577423,0.2141234124909422,0.5414932733872624,-0.37925511863986416,0.5555227330887195,-0.38398949862096815,0.5357257785840852,-0.5544049095405633,-0.08737040566610381,-0.08737040566610381,0.0,1.7320508075688774,-0.8583950752789522,1.4633716061871682,0,0,0,0,0,0,0,0,0,0.8473931069410674,0.48835213793226256,0.29171508728653184,-1.0048298322741671,-0.07993491351874464,-0.6920534814405911,0.2847816926262284,0.5986258262504657,-0.23613784287038078,-0.07446763310019286,0.0,0.9555330859059092,-0.08737040566610381,1,train
NA1_5514791052,stage_60,1.0830438704065546,-1.3712243024614508,1.5173373207814238,1.3298437743481297,-1.242387457613348,1.5420115326543378,-1.2430846480780495,1.327320585745644,-1.5411210631498355,-0.08737040566610381,-0.08737040566610381,0.0,-0.5773502691896258,1.1649647450214349,-1.0290806778993633,0,0,0,0,0,0,0,0,0,0.8473931069410674,-0.9441474666690429,1.446906832941198,0.030778571439028863,-0.5471559578497076,0.4427422893688254,0.6588233187621699,-0.7422960245505774,1.0902534447419707,0.21464200128879893,0.0,-1.0465362369445672,-0.08737040566610381,1,test
NA1_5514794757,stage_60,-0.5776869892778056,0.7290922203944025,-0.8079376668918755,-1.0352077285344723,-0.0915443389820362,-0.5953808664045019,-0.09762444880194103,-1.0474638357390322,0.5967639363369209,-0.08737040566610381,-0.08737040566610381,0.0,1.7320508075688774,-0.8583950752789522,1.4633716061871682,0,0,0,0,0,0,0,0,0,-0.10457191532464465,0.01085226973182669,-0.09334882793169019,0.6680760506471495,1.9446896119154284,-0.9906839474430692,0.2847816926262284,-0.7422960245505774,0.7954998252725592,1.40721924314339,0.0,0.9555330859059092,-0.08737040566610381,1,train
NA1_5514805021,stage_60,-0.8246257282178003,0.8955495482810037,-1.0653456424401408,-0.7724242282141831,0.4838772203336197,-0.7597956663321049,0.47510565083611317,-0.7835989000185127,0.761216628605133,-0.08737040566610381,-0.08737040566610381,0.0,-0.5773502691896258,1.1649647450214349,-1.0290806778993633,0,0,0,0,0,0,0,0,0,-0.10457191532464465,1.4433518743331344,-1.2485405735863562,-0.36753235306604654,-0.2746103486566459,-0.06492950283538726,-1.2113848119175379,1.5564271482512106,-2.152036369421555,-0.18288374599606477,0.0,0.9555330859059092,-0.08737040566610381,0,train
NA1_5514826600,stage_60,1.644761661182147,-1.8217385038746756,2.1464038706507136,1.8554107749887079,-1.5300982372711758,2.035255932437147,-1.5294496978970766,1.8550504571866833,-2.0344791399544717,-0.08737040566610381,-0.08737040566610381,0.0,-0.5773502691896258,1.1649647450214349,-1.0290806778993633,0,0,0,0,0,0,0,0,0,0.8473931069410674,-0.9441474666690429,1.446906832941198,1.2655424374047626,-2.182429613008078,2.6227446911869152,-0.5568119661796401,-0.6465158923505029,0.05861577659903068,0.2507807055874229,0.0,0.9555330859059092,-0.08737040566610381,1,test
NA1_5514844552,stage_60,0.2776436757099563,-1.364406937496812,1.0025213696848936,-0.24685722757360493,-1.242387457613348,0.5555227330887195,-1.2430846480780495,-0.25586902857747357,-0.5544049095405633,-0.08737040566610381,-0.08737040566610381,0.0,-0.5773502691896258,-0.8583950752789522,0.21714546414390237,0,0,0,0,0,0,0,0,0,0.8473931069410674,-0.4666475984686092,1.0618429177229758,0.9070626053501948,-1.0922471762358312,1.5178119669777463,0.9393545383641261,0.40706556185031667,0.427057800935795,-0.18288374599606477,0.0,0.9555330859059092,-0.08737040566610381,1,train
NA1_5514876660,stage_60,1.2160108836819363,-0.6451749337274015,1.161852777009555,1.5926272746684187,-0.95467667795552,1.5420115326543378,-0.9567195982590223,1.5911855214661637,-1.5411210631498355,-0.08737040566610381,-0.08737040566610381,0.0,1.7320508075688774,-0.8583950752789522,1.4633716061871682,0,0,0,0,0,0,0,0,0,0.8473931069410674,-0.4666475984686092,1.0618429177229758,0.9070626053501948,-0.3524805227118064,0.9504140815730382,1.0328649448981115,0.40706556185031667,0.5007462058031479,-0.0021902245029449155,0.0,0.9555330859059092,-0.08737040566610381,1,train
NA1_5514883796,stage_60,0.4686819968239742,-0.30317045800134695,0.480822852397233,0.5414932733872624,-0.666965898297692,0.7199375330163225,-0.6703545484399952,0.5357257785840852,-0.7188576018087753,-0.08737040566610381,-0.08737040566610381,0.0,1.7320508075688774,-0.8583950752789522,1.4633716061871682,0,0,0,0,0,0,0,0,0,0.3714105958082114,0.01085226973182669,0.29171508728653184,-0.16837689081350884,-0.5471559578497076,0.29342705636758637,-0.0892599335097132,1.3648668838510618,-1.1203987012786152,-0.1467450416974408,0.0,0.9555330859059092,-0.08737040566610381,1,train
NA1_5514903234,stage_60,0.24236671300424278,0.41833400075627647,-0.09972160582458973,0.27870977306697325,0.19616644067579173,0.06227833330591025,0.18874060101708606,0.27186084286356565,-0.061046832735927196,-0.08737040566610381,-0.08737040566610381,0.0,-0.5773502691896258,1.1649647450214349,-1.0290806778993633,0,0,0,0,0,0,0,0,0,-0.10457191532464465,0.48835213793226256,-0.4784127431499122,-1.0048298322741671,-0.04099982649116438,-0.721916528040839,-0.276280746577684,0.5986258262504657,-0.678268272074498,1.22652572165027,0.0,-1.0465362369445672,-0.08737040566610381,1,train
NA1_5514912199,stage_60,-0.28950134009728434,-0.7695918443320625,0.28260494609268655,-0.7724242282141831,-0.95467667795552,0.06227833330591025,-0.9567195982590223,-0.7835989000185127,-0.061046832735927196,-0.08737040566610381,-0.08737040566610381,0.0,-0.5773502691896258,-0.8583950752789522,0.21714546414390237,0,0,0,0,0,0,0,0,0,0.3714105958082114,-0.4666475984686092,0.676779002504754,0.19010294124105903,0.03687034756399611,0.11424877676609957,0.2847816926262284,-1.5085370821511734,1.3850070642113823,0.033948479795679054,0.0,-1.0465362369445672,-0.08737040566610381,1,train
NA1_5514920400,stage_60,-0.41269934831569927,1.0710966961204569,-0.9104879031397138,-0.509640727893894,1.3470095593071034,-1.088625266187311,1.3342008002931944,-0.5197339642979931,1.090122013141557,-0.08737040566610381,-0.08737040566610381,0.0,-0.5773502691896258,-0.8583950752789522,0.21714546414390237,0,0,0,0,0,0,0,0,0,-0.5805544264575007,0.48835213793226256,-0.8634766583681343,-0.8056743700216294,0.2704808697294776,-0.8115056678415823,0.8458441318301407,-0.2633953635502049,0.8691882301399122,-0.0021902245029449155,0.0,-1.0465362369445672,-0.08737040566610381,0,train
NA1_5514929028,stage_60,-0.3236928577966682,0.38083849345076215,-0.4359349642612944,-0.509640727893894,1.3470095593071034,-1.088625266187311,1.3342008002931944,-0.5197339642979931,1.090122013141557,-0.08737040566610381,-0.08737040566610381,0.0,-0.5773502691896258,1.1649647450214349,-1.0290806778993633,0,0,0,0,0,0,0,0,0,-0.10457191532464465,0.48835213793226256,-0.4784127431499122,-0.20820798326401638,-0.8975717410979299,0.5323314291695689,-0.5568119661796401,0.5028456940503911,-0.8256450818092037,1.443357947442014,0.0,-1.0465362369445672,-0.08737040566610381,0,test
NA1_5514942791,stage_60,0.48333550440942447,-1.1860192209220923,1.0248897098060663,0.8042767737075515,-0.95467667795552,1.0487671328715287,-0.9567195982590223,0.7995907143046048,-1.0477629863451994,-0.08737040566610381,-0.08737040566610381,0.0,1.7320508075688774,-0.8583950752789522,1.4633716061871682,0,0,0,0,0,0,0,0,0,-0.10457191532464465,-0.4666475984686092,0.29171508728653184,-0.08871470591249377,-1.7930787427322756,1.3087706407760118,0.2847816926262284,-0.1676152313501304,0.3533693960684421,-0.11060633739881683,0.0,0.9555330859059092,-0.08737040566610381,1,test
NA1_5514962386,stage_60,-0.9510800714552042,0.6558055470245336,-1.0003053919339615,-1.0352077285344723,1.0592987796492754,-1.2530400661149141,1.0478357504741673,-1.0474638357390322,1.2545747054097691,-0.08737040566610381,-0.08737040566610381,0.0,-0.5773502691896258,1.1649647450214349,-1.0290806778993633,0,0,0,0,0,0,0,0,0,-0.5805544264575007,0.9658520061326984,-1.2485405735863562,-0.7658432775711219,1.0881176973086628,-1.4087665998465384,0.19127128609224295,0.8859662228506892,-0.5308914623397922,-0.1467450416974408,0.0,0.9555330859059092,-0.08737040566610381,0,test
NA1_5514963196,stage_60,-0.5277565189866419,0.3018706826103609,-0.517493373626186,0.015926272746684175,1.0592987796492754,-0.5953808664045019,1.0478357504741673,0.00799590714304604,0.5967639363369209,-0.08737040566610381,-0.08737040566610381,0.0,1.7320508075688774,-0.8583950752789522,1.4633716061871682,0,0,0,0,0,0,0,0,0,-1.0565369375903546,0.01085226973182669,-0.8634766583681343,-1.9607760510863481,-0.39141560973938666,-1.169862227044556,-0.4633015596456548,0.7901860906506147,-0.9730218915439094,0.9735547915599023,0.0,-1.0465362369445672,-0.08737040566610381,0,train
NA1_5514984449,stage_60,1.1020391580173232,0.32970825621596994,0.4990616528037277,1.0670602740278405,-0.0915443389820362,0.7199375330163225,-0.09762444880194103,1.0634556500251244,-0.7188576018087753,-0.08737040566610381,-0.08737040566610381,0.0,1.7320508075688774,-0.8583950752789522,1.4633716061871682,0,0,0,0,0,0,0,0,0,1.3233756180739233,0.48835213793226256,0.676779002504754,0.30959621859258163,-0.04099982649116438,0.26356400976733857,1.5939273841020238,0.9817463550507637,0.5007462058031479,0.28691940988604686,0.0,0.9555330859059092,-0.08737040566610381,1,train
NA1_5515020615,stage_60,-1.6571620480726397,0.5109365415259557,-1.3602636037300648,-1.8235582294953396,-0.37925511863986416,-0.924210466259708,-0.38398949862096815,-1.839058642900591,0.9256693208733451,-0.08737040566610381,-0.08737040566610381,0.0,-0.5773502691896258,1.1649647450214349,-1.0290806778993633,0,0,0,0,0,0,0,0,0,-0.10457191532464465,0.48835213793226256,-0.4784127431499122,-0.1285457983630013,0.8545071751431813,-0.7517795746410867,-0.1827703400436986,1.3648668838510618,-1.194087106145968,-0.21902245029468875,0.0,-1.0465362369445672,-0.08737040566610381,0,train
NA1_5515020844,stage_60,-0.819741225689317,0.663759139483279,-0.9218441373550784,-0.509640727893894,1.6347203389649314,-1.2530400661149141,1.6205658501122215,-0.5197339642979931,1.2545747054097691,-0.08737040566610381,-0.08737040566610381,0.0,-0.5773502691896258,-0.8583950752789522,0.21714546414390237,0,0,0,0,0,0,0,0,0,-1.0565369375903546,0.01085226973182669,-0.8634766583681343,-0.6065189077690918,-0.23567526162906563,-0.2739708290371219,-0.4633015596456548,-0.9338562889507265,0.3533693960684421,-0.07446763310019286,0.0,-1.0465362369445672,-0.08737040566610381,0,train
NA1_5515021623,stage_60,1.0966119329856752,-0.4304279373412742,0.9560640478947654,1.0670602740278405,-0.666965898297692,1.0487671328715287,-0.6703545484399952,1.0634556500251244,-1.0477629863451994,-0.08737040566610381,-0.08737040566610381,0.0,-0.5773502691896258,-0.8583950752789522,0.21714546414390237,0,0,0,0,0,0,0,0,0,0.8473931069410674,0.01085226973182669,0.676779002504754,0.628244958196642,0.30941595675705785,0.2337009631670908,0.4718025056941991,-1.3169768177510244,1.3850070642113823,0.3591968184832948,0.0,0.9555330859059092,-0.08737040566610381,1,train
NA1_5515036277,stage_60,0.432319589111931,-0.2622662682135132,0.4329890173688789,0.8042767737075515,-0.37925511863986416,0.7199375330163225,-0.38398949862096815,0.7995907143046048,-0.7188576018087753,-0.08737040566610381,-0.08737040566610381,0.0,1.7320508075688774,-0.8583950752789522,1.4633716061871682,0,0,0,0,0,0,0,0,0,-0.10457191532464465,-0.4666475984686092,0.29171508728653184,0.30959621859258163,-0.07993491351874464,0.29342705636758637,-0.0892599335097132,-0.5507357601504285,0.3533693960684421,-0.038328928801568886,0.0,0.9555330859059092,-0.08737040566610381,1,train
NA1_5515041117,stage_60,-0.5934259418695855,1.2517568676833895,-1.134515432660998,-1.0352077285344723,1.3470095593071034,-1.4174548660425172,1.3342008002931944,-1.0474638357390322,1.419027397677981,-0.08737040566610381,-0.08737040566610381,0.0,-0.5773502691896258,1.1649647450214349,-1.0290806778993633,0,0,0,0,0,0,0,0,0,-0.10457191532464465,1.4433518743331344,-1.2485405735863562,-0.009052521011478678,1.0102475232535024,-0.7816426212413345,1.5004169775680385,0.9817463550507637,0.427057800935795,-0.1467450416974408,0.0,-1.0465362369445672,-0.08737040566610381,0,train
NA1_5515042738,stage_60,2.044205423511457,-1.0224024617707574,1.9154937749382994,1.3298437743481297,-0.95467667795552,1.3775967327267347,-0.9567195982590223,1.327320585745644,-1.3766683708816234,-0.08737040566610381,-0.08737040566610381,0.0,-0.5773502691896258,1.1649647450214349,-1.0290806778993633,0,0,0,0,0,0,0,0,0,0.8473931069410674,-0.9441474666690429,1.446906832941198,1.6638533619098381,-0.46928578379454716,1.60740110677849,0.2847816926262284,-0.9338562889507265,0.942876635007265,0.106225888392927,0.0,0.9555330859059092,-0.08737040566610381,1,train
NA1_5515046576,stage_60,-1.5779245626105756,0.5353654326492453,-1.324818387845745,-1.2979912288547613,0.19616644067579173,-0.924210466259708,0.18874060101708606,-1.0474638357390322,0.761216628605133,-0.08737040566610381,-0.08737040566610381,0.0,-0.5773502691896258,-0.8583950752789522,0.21714546414390237,0,0,0,0,0,0,0,0,0,-0.5805544264575007,0.01085226973182669,-0.4784127431499122,-0.36753235306604654,1.5164036546120456,-1.4386296464467863,-1.5854264380534795,-0.9338562889507265,-0.5308914623397922,-0.1467450416974408,0.0,-1.0465362369445672,-0.08737040566610381,0,train
NA1_5515046818,stage_60,1.0743603103559174,-1.4575775920135443,1.5641387708811085,0.5414932733872624,-0.95467667795552,0.8843523329439256,-0.9567195982590223,0.5357257785840852,-0.8833102940769874,-0.08737040566610381,-0.08737040566610381,0.0,-0.5773502691896258,-0.8583950752789522,0.21714546414390237,0,0,0,0,0,0,0,0,0,0.8473931069410674,-1.8991472030699146,2.2170346633776417,-0.04888361346198622,-2.0266892648977572,1.5178119669777463,1.406906571034053,-1.7000973465513225,2.4166447323543223,-0.18288374599606477,0.0,0.9555330859059092,-0.08737040566610381,1,train
NA1_5515060167,stage_60,0.2103460853175182,0.38879208590950765,-0.10213050399148525,0.015926272746684175,-0.0915443389820362,0.06227833330591025,-0.09762444880194103,0.00799590714304604,-0.061046832735927196,-0.08737040566610381,-0.08737040566610381,0.0,-0.5773502691896258,-0.8583950752789522,0.21714546414390237,0,0,0,0,0,0,0,0,0,0.8473931069410674,0.48835213793226256,0.29171508728653184,0.38925840349359675,0.3483510437846381,0.02465963696535615,0.6588233187621699,0.023945033050018626,0.5007462058031479,0.14236459269155097,0.0,-1.0465362369445672,-0.08737040566610381,1,test
NA1_5515063422,stage_60,-1.1893352503445618,0.004747192901512802,-0.7570066770775129,-1.5607747291750504,-0.0915443389820362,-0.924210466259708,-0.09762444880194103,-1.5751937071800715,0.9256693208733451,-0.08737040566610381,-0.08737040566610381,0.0,-0.5773502691896258,1.1649647450214349,-1.0290806778993633,0,0,0,0,0,0,0,0,0,-1.0565369375903546,0.9658520061326984,-1.6336044888045784,0.3494273110430892,0.5040913918949591,-0.12465559603588287,-0.276280746577684,-0.7422960245505774,0.3533693960684421,0.07008718409430303,0.0,0.9555330859059092,-0.08737040566610381,0,train
NA1_5515066249,stage_60,-0.401302175749238,1.1557456444313907,-0.9545363267629464,-0.24685722757360493,1.9224311186227594,-1.2530400661149141,1.9069308999312486,-0.25586902857747357,1.2545747054097691,-0.08737040566610381,-0.08737040566610381,0.0,-0.5773502691896258,-0.8583950752789522,0.21714546414390237,0,0,0,0,0,0,0,0,0,-1.0565369375903546,0.01085226973182669,-0.8634766583681343,-0.16837689081350884,-0.11887000054632489,-0.03506645623513946,-0.8373431857815963,-0.07183509915005588,-0.6045798672071451,-0.18288374599606477,0.0,-1.0465362369445672,-0.08737040566610381,0,train
NA1_5515070150,stage_60,0.6163025176848063,-1.4047430135375925,1.241690544826664,0.5414932733872624,-1.5300982372711758,1.2131819327991316,-1.5294496978970766,0.5357257785840852,-1.2122156786134115,-0.08737040566610381,-0.08737040566610381,0.0,-0.5773502691896258,-0.8583950752789522,0.21714546414390237,0,0,0,0,0,0,0,0,0,0.8473931069410674,0.48835213793226256,0.29171508728653184,0.4290894959441043,0.07580543459157636,0.26356400976733857,0.6588233187621699,0.9817463550507637,-0.23613784287038078,1.6601901732337578,0.0,0.9555330859059092,-0.08737040566610381,1,train
NA1_5515071002,stage_60,-0.3144665752428662,-0.10603498777387031,-0.13516682170890967,-0.509640727893894,0.19616644067579173,-0.4309660664768989,0.18874060101708606,-0.5197339642979931,0.4323112440687089,-0.08737040566610381,-0.08737040566610381,0.0,1.7320508075688774,-0.8583950752789522,1.4633716061871682,0,0,0,0,0,0,0,0,0,-0.10457191532464465,0.9658520061326984,-0.8634766583681343,-0.40736344551655407,0.11474052161915661,-0.3934230154381131,-1.1178744053835525,0.023945033050018626,-0.8993334866765565,0.4676129313791667,0.0,-1.0465362369445672,-0.08737040566610381,0,test
NA1_5515074015,stage_60,0.7460131959411991,-0.5400738905225508,0.800173923665669,0.8042767737075515,-0.95467667795552,1.0487671328715287,-0.9567195982590223,0.7995907143046048,-1.0477629863451994,-0.08737040566610381,-0.08737040566610381,0.0,1.7320508075688774,-0.8583950752789522,1.4633716061871682,0,0,0,0,0,0,0,0,0,0.8473931069410674,0.01085226973182669,0.676779002504754,-0.2480390757145239,0.03687034756399611,-0.2142447358366263,1.5939273841020238,-0.1676152313501304,1.3850070642113823,0.5398903399764147,0.0,0.9555330859059092,-0.08737040566610381,1,train
NA1_5515076553,stage_60,0.10614336470987207,-1.230900206939299,0.8129066711192596,0.27870977306697325,-1.5300982372711758,1.0487671328715287,-1.5294496978970766,0.27186084286356565,-1.0477629863451994,-0.08737040566610381,-0.08737040566610381,0.0,1.7320508075688774,-0.8583950752789522,1.4633716061871682,0,0,0,0,0,0,0,0,0,-1.0565369375903546,-0.9441474666690429,-0.09334882793169019,0.0706096638895364,0.15367560864673685,-0.06492950283538726,-0.4633015596456548,-0.5507357601504285,0.05861577659903068,0.14236459269155097,0.0,0.9555330859059092,-0.08737040566610381,1,test
NA1_5515091114,stage_60,1.0038063849444903,0.13143655849438682,0.5568752088092205,1.0670602740278405,0.4838772203336197,0.39110793316111636,0.47510565083611317,1.0634556500251244,-0.38995221727235124,-0.08737040566610381,-0.08737040566610381,0.0,-0.5773502691896258,1.1649647450214349,-1.0290806778993633,0,0,0,0,0,0,0,0,0,0.3714105958082114,-0.4666475984686092,0.676779002504754,0.030778571439028863,-0.7418313929876089,0.5920575223700645,-0.0892599335097132,1.5564271482512106,-1.2677755110133206,1.1181096087543982,0.0,0.9555330859059092,-0.08737040566610381,1,train
NA1_5515096185,stage_60,1.1948447060585081,-1.116141230034543,1.4337141415591934,0.015926272746684175,-1.242387457613348,0.7199375330163225,-1.2430846480780495,0.00799590714304604,-0.7188576018087753,-0.08737040566610381,-0.08737040566610381,0.0,-0.5773502691896258,-0.8583950752789522,0.21714546414390237,0,0,0,0,0,0,0,0,0,0.3714105958082114,0.48835213793226256,-0.09334882793169019,1.14604916005324,-0.23567526162906563,1.0400032213737815,0.7523337252961553,0.9817463550507637,-0.1624494380030279,-0.21902245029468875,0.0,0.9555330859059092,-0.08737040566610381,1,test
NA1_5515097344,stage_60,-0.9054913811893591,0.7921528463173129,-1.053989408224776,-1.0352077285344723,0.7715879999914476,-1.088625266187311,0.7614707006551402,-1.0474638357390322,1.090122013141557,-0.08737040566610381,-0.08737040566610381,0.0,-0.5773502691896258,1.1649647450214349,-1.0290806778993633,0,0,0,0,0,0,0,0,0,-1.0565369375903546,0.9658520061326984,-1.6336044888045784,-0.04888361346198622,0.5040913918949591,-0.42328606203836094,-3.0815929425972457,-1.029636421150801,-1.636217535350085,0.14236459269155097,0.0,0.9555330859059092,-0.08737040566610381,0,train
NA1_5515099085,stage_60,-0.6265320145626397,1.5858077509506985,-1.3578547055631693,-0.509640727893894,1.6347203389649314,-1.2530400661149141,1.6205658501122215,-0.25586902857747357,1.090122013141557,-0.08737040566610381,-0.08737040566610381,0.0,-0.5773502691896258,1.1649647450214349,-1.0290806778993633,0,0,0,0,0,0,0,0,0,0.3714105958082114,1.4433518743331344,-0.8634766583681343,-0.7658432775711219,0.8545071751431813,-1.2295883202450515,1.0328649448981115,0.21550529745016764,0.6481230155378536,0.2507807055874229,0.0,-1.0465362369445672,-0.08737040566610381,0,train
NA1_5515103702,stage_60,-0.8235402832114707,0.5666116887371738,-0.8654070945878117,-1.2979912288547613,0.19616644067579173,-0.924210466259708,0.18874060101708606,-1.3113287714595518,0.9256693208733451,-0.08737040566610381,-0.08737040566610381,0.0,-0.5773502691896258,1.1649647450214349,-1.0290806778993633,0,0,0,0,0,0,0,0,0,-0.10457191532464465,0.9658520061326984,-0.8634766583681343,-0.08871470591249377,1.2438580454189838,-1.020546994043317,1.2198857579660822,0.9817463550507637,0.2059925863337364,-0.18288374599606477,0.0,0.9555330859059092,-0.08737040566610381,0,train
NA1_5515107650,stage_60,1.2284935012547271,-1.2416943681333106,1.531102453163684,1.5926272746684187,-1.242387457613348,1.7064263325819409,-1.2430846480780495,1.5911855214661637,-1.7055737554180475,-0.08737040566610381,-0.08737040566610381,0.0,-0.5773502691896258,1.1649647450214349,-1.0290806778993633,0,0,0,0,0,0,0,0,0,0.3714105958082114,-0.9441474666690429,1.0618429177229758,-1.0446609247246748,-0.8975717410979299,-0.09479254943563506,0.2847816926262284,0.11972516525009314,0.13230418146638354,-0.07446763310019286,0.0,0.9555330859059092,-0.08737040566610381,1,train
NA1_5515115515,stage_60,-0.09900574148643124,-1.0320603954706626,0.5623812617621246,0.015926272746684175,-0.666965898297692,0.39110793316111636,-0.6703545484399952,0.00799590714304604,-0.38995221727235124,-0.08737040566610381,-0.08737040566610381,0.0,1.7320508075688774,-0.8583950752789522,1.4633716061871682,0,0,0,0,0,0,0,0,0,-1.0565369375903546,-0.4666475984686092,-0.4784127431499122,0.030778571439028863,-1.5594682205667942,1.2191815009752685,0.09776087955825757,0.21550529745016764,-0.08876103313567504,0.033948479795679054,0.0,0.9555330859059092,-0.08737040566610381,1,train
NA1_5515126884,stage_60,-0.4506899235372369,0.8643032921930751,-0.8093141801301016,0.27870977306697325,1.0592987796492754,-0.4309660664768989,1.0478357504741673,0.27186084286356565,0.4323112440687089,-0.08737040566610381,-0.08737040566610381,0.0,-0.5773502691896258,1.1649647450214349,-1.0290806778993633,0,0,0,0,0,0,0,0,0,-0.5805544264575007,0.48835213793226256,-0.8634766583681343,-0.44719453796706166,0.11474052161915661,-0.42328606203836094,-1.8659576576554355,0.11972516525009314,-1.5625291304827322,1.2626644259488942,0.0,0.9555330859059092,-0.08737040566610381,0,test
NA1_5515131409,stage_60,0.7671793735646272,-1.0280835992412898,1.1092011456474098,0.015926272746684175,-1.5300982372711758,0.8843523329439256,-1.5294496978970766,0.00799590714304604,-0.8833102940769874,-0.08737040566610381,-0.08737040566610381,0.0,1.7320508075688774,-0.8583950752789522,1.4633716061871682,0,0,0,0,0,0,0,0,0,0.3714105958082114,0.01085226973182669,0.29171508728653184,0.9070626053501948,0.15367560864673685,0.5621944757698167,1.1263753514320969,-0.5507357601504285,1.3113186593440294,-0.11060633739881683,0.0,0.9555330859059092,-0.08737040566610381,1,test
NA1_5515149632,stage_60,-1.10249964983819,0.7751094339057154,-1.168584135307092,-1.2979912288547613,0.4838772203336197,-1.088625266187311,0.47510565083611317,-1.3113287714595518,1.090122013141557,-0.08737040566610381,-0.08737040566610381,0.0,-0.5773502691896258,1.1649647450214349,-1.0290806778993633,0,0,0,0,0,0,0,0,0,-0.5805544264575007,0.9658520061326984,-1.2485405735863562,-0.6065189077690918,0.6987668270328604,-0.9906839474430692,0.2847816926262284,0.6944059584505402,-0.30982624773773365,0.3591968184832948,0.0,0.9555330859059092,-0.08737040566610381,0,train
NA1_5515152700,stage_60,-0.9890706466767419,1.0029230464740673,-1.234656770741941,-1.2979912288547613,0.7715879999914476,-1.2530400661149141,0.7614707006551402,-1.3113287714595518,1.2545747054097691,-0.08737040566610381,-0.08737040566610381,0.0,-0.5773502691896258,-0.8583950752789522,0.21714546414390237,0,0,0,0,0,0,0,0,0,-0.10457191532464465,0.9658520061326984,-0.8634766583681343,0.0706096638895364,1.0881176973086628,-0.7816426212413345,-0.8373431857815963,-0.45495562795035394,-0.30982624773773365,-0.07446763310019286,0.0,0.9555330859059092,-0.08737040566610381,0,train
NA1_5515168510,stage_60,-0.2878731725877898,0.6018347410544752,-0.5470884082480453,0.5414932733872624,0.7715879999914476,-0.1021364666216928,0.7614707006551402,0.5357257785840852,0.10340585953228484,-0.08737040566610381,-0.08737040566610381,0.0,-0.5773502691896258,1.1649647450214349,-1.0290806778993633,0,0,0,0,0,0,0,0,0,-0.10457191532464465,0.9658520061326984,-0.8634766583681343,-0.6861810926701069,0.03687034756399611,-0.542738248439352,0.004250473024272184,1.1733066194509127,-0.8993334866765565,1.40721924314339,0.0,0.9555330859059092,-0.08737040566610381,0,train
NA1_5515176082,stage_60,0.881693821732405,-0.991724319429882,1.159788007152216,0.5414932733872624,-0.95467667795552,0.8843523329439256,-0.9567195982590223,0.5357257785840852,-0.8833102940769874,-0.08737040566610381,-0.08737040566610381,0.0,-0.5773502691896258,-0.8583950752789522,0.21714546414390237,0,0,0,0,0,0,0,0,0,0.3714105958082114,0.48835213793226256,-0.09334882793169019,1.1062180676027324,0.03687034756399611,0.8010988485717991,0.2847816926262284,-0.6465158923505029,0.7218114204052064,-0.21902245029468875,0.0,-1.0465362369445672,-0.08737040566610381,1,train
NA1_5515180724,stage_60,0.6933691131342111,-0.9184376460600132,0.9959829318033199,0.015926272746684175,-1.8178090169290038,1.0487671328715287,-1.8158147477161037,0.00799590714304604,-1.0477629863451994,-0.08737040566610381,-0.08737040566610381,0.0,-0.5773502691896258,1.1649647450214349,-1.0290806778993633,0,0,0,0,0,0,0,0,0,0.3714105958082114,-0.4666475984686092,0.676779002504754,1.7435155468108532,1.5164036546120456,0.14411182336634737,-0.4633015596456548,-0.45495562795035394,-0.01507262826832218,-0.21902245029468875,0.0,0.9555330859059092,-0.08737040566610381,1,train
NA1_5515185665,stage_60,0.500159902007534,-0.5724563741045859,0.6638991130812932,0.015926272746684175,-0.0915443389820362,0.06227833330591025,-0.09762444880194103,0.00799590714304604,-0.061046832735927196,-0.08737040566610381,-0.08737040566610381,0.0,-0.5773502691896258,1.1649647450214349,-1.0290806778993633,0,0,0,0,0,0,0,0,0,0.3714105958082114,0.01085226973182669,0.29171508728653184,0.19010294124105903,-1.0533120892082508,0.9504140815730382,1.406906571034053,0.5986258262504657,0.6481230155378536,0.106225888392927,0.0,0.9555330859059092,-0.08737040566610381,1,train
NA1_5515186214,stage_60,-0.5608625916796961,0.6012666273074219,-0.7198408196454105,-0.7724242282141831,1.3470095593071034,-1.2530400661149141,1.3342008002931944,-0.7835989000185127,1.2545747054097691,-0.08737040566610381,-0.08737040566610381,0.0,-0.5773502691896258,1.1649647450214349,-1.0290806778993633,0,0,0,0,0,0,0,0,0,0.3714105958082114,0.48835213793226256,-0.09334882793169019,0.1502718487905515,-0.5860910448772879,0.5621944757698167,-0.3697911531116694,-1.8916576109514716,1.1639418496093237,-0.0021902245029449155,0.0,0.9555330859059092,-0.08737040566610381,0,test
NA1_5515203182,stage_60,0.610875292653158,-0.9428665371833028,0.9584729460616609,0.5414932733872624,-1.242387457613348,1.0487671328715287,-1.2430846480780495,0.5357257785840852,-1.0477629863451994,-0.08737040566610381,-0.08737040566610381,0.0,-0.5773502691896258,-0.8583950752789522,0.21714546414390237,0,0,0,0,0,0,0,0,0,-0.5805544264575007,-0.9441474666690429,0.29171508728653184,-0.40736344551655407,-0.6250261319048681,0.17397486996659517,-0.7438327792476109,-0.5507357601504285,-0.1624494380030279,-0.21902245029468875,0.0,-1.0465362369445672,-0.08737040566610381,1,train
NA1_5515225004,stage_60,2.60483776928072,0.14734374341187775,1.562418129333326,3.1693282765901536,0.7715879999914476,1.5420115326543378,0.7614707006551402,3.1743751357892815,-1.5411210631498355,-0.08737040566610381,-0.08737040566610381,0.0,1.7320508075688774,-0.8583950752789522,1.4633716061871682,0,0,0,0,0,0,0,0,0,1.3233756180739233,-1.4216473348694787,2.2170346633776417,0.11044075634004394,-2.143494525980498,1.726853293179481,-0.5568119661796401,-0.5507357601504285,-0.01507262826832218,-0.21902245029468875,0.0,0.9555330859059092,-0.08737040566610381,1,train
NA1_5515237048,stage_60,-0.9168885537558203,1.4244634467875765,-1.4442309112618519,-0.24685722757360493,1.9224311186227594,-1.2530400661149141,1.9069308999312486,-0.25586902857747357,1.2545747054097691,-0.08737040566610381,-0.08737040566610381,0.0,1.7320508075688774,-0.8583950752789522,1.4633716061871682,0,0,0,0,0,0,0,0,0,-1.0565369375903546,0.48835213793226256,-1.2485405735863562,-0.9649987398236597,-0.07993491351874464,-0.6621904348403433,-1.3048952184515232,0.6944059584505402,-1.5625291304827322,-0.038328928801568886,0.0,-1.0465362369445672,-0.08737040566610381,0,train
NA1_5515246225,stage_60,-1.4552692768953253,1.1023429522083856,-1.5904854428233663,-1.2979912288547613,1.9224311186227594,-1.9106992658253263,1.9069308999312486,-1.3113287714595518,1.9123854744826172,-0.08737040566610381,-0.08737040566610381,0.0,-0.5773502691896258,1.1649647450214349,-1.0290806778993633,0,0,0,0,0,0,0,0,0,-1.0565369375903546,1.4433518743331344,-2.0186684040228005,-0.8455054624721371,0.38728613081221835,-0.9309578542425735,-0.4633015596456548,1.1733066194509127,-1.2677755110133206,0.17850329699017495,0.0,-1.0465362369445672,-0.08737040566610381,0,train
NA1_5515254380,stage_60,-2.0761438205158833,-1.0888717701759871,-0.6568653389965702,-0.7724242282141831,0.19616644067579173,-0.5953808664045019,0.18874060101708606,-0.7835989000185127,0.5967639363369209,-0.08737040566610381,-0.08737040566610381,0.0,-0.5773502691896258,-0.8583950752789522,0.21714546414390237,0,0,0,0,0,0,0,0,0,-3.436449493254633,-1.8991472030699146,-1.2485405735863562,-1.801451681284318,-1.0922471762358312,-0.5128752018391043,-1.9594680641894209,-1.3169768177510244,-0.5308914623397922,-3.0017026812887346,0.0,0.9555330859059092,-0.08737040566610381,0,test
NA1_5515258987,stage_60,1.179648475969893,-0.2889676143250158,0.923027730177341,1.0670602740278405,-0.95467667795552,1.2131819327991316,-0.9567195982590223,1.0634556500251244,-1.2122156786134115,-0.08737040566610381,-0.08737040566610381,0.0,-0.5773502691896258,1.1649647450214349,-1.0290806778993633,0,0,0,0,0,0,0,0,0,0.3714105958082114,-0.9441474666690429,1.0618429177229758,0.2697651261420741,-0.0020647394635841363,0.20383791656684297,-0.276280746577684,0.5028456940503911,-0.6045798672071451,-0.25516115459331273,0.0,0.9555330859059092,-0.08737040566610381,1,train
NA1_5515294261,stage_60,0.49690356698854504,-0.7974294179376716,0.7981091538083299,0.27870977306697325,-0.95467667795552,0.7199375330163225,-0.9567195982590223,0.27186084286356565,-0.7188576018087753,-0.08737040566610381,-0.08737040566610381,0.0,-0.5773502691896258,1.1649647450214349,-1.0290806778993633,0,0,0,0,0,0,0,0,0,0.8473931069410674,0.01085226973182669,0.676779002504754,0.5884138657461344,0.15367560864673685,0.3232901029678342,0.6588233187621699,0.5986258262504657,0.05861577659903068,-0.21902245029468875,0.0,0.9555330859059092,-0.08737040566610381,1,train
NA1_5515311754,stage_60,0.3389713185675814,0.8046513487524842,-0.27247401722195486,-0.24685722757360493,1.3470095593071034,-0.924210466259708,1.3342008002931944,-0.25586902857747357,0.9256693208733451,-0.08737040566610381,-0.08737040566610381,0.0,-0.5773502691896258,1.1649647450214349,-1.0290806778993633,0,0,0,0,0,0,0,0,0,-0.5805544264575007,-0.4666475984686092,-0.09334882793169019,0.030778571439028863,0.03687034756399611,-0.005203409634891651,0.09776087955825757,-1.795877478751397,1.4586954690787353,-0.07446763310019286,0.0,0.9555330859059092,-0.08737040566610381,0,train
NA1_5515313379,stage_60,-0.8403646808095803,0.25755781034020764,-0.6888692717853251,-1.2979912288547613,0.4838772203336197,-1.088625266187311,0.47510565083611317,-1.3113287714595518,1.090122013141557,-0.08737040566610381,-0.08737040566610381,0.0,-0.5773502691896258,1.1649647450214349,-1.0290806778993633,0,0,0,0,0,0,0,0,0,-0.10457191532464465,0.9658520061326984,-0.8634766583681343,-0.20820798326401638,0.30941595675705785,-0.3934230154381131,0.3782920991602137,1.5564271482512106,-0.8993334866765565,0.106225888392927,0.0,0.9555330859059092,-0.08737040566610381,0,train
